season,player,runs,balls,fours,sixes,strike_rate
2007/08,A Chopra,42,55,5,0,76.36
2007/08,A Kumble,13,17,1,0,76.47
2007/08,A Mishra,37,42,3,0,88.1
2007/08,A Mukund,0,1,0,0,0.0
2007/08,A Nehra,3,13,0,0,23.08
2007/08,A Symonds,161,111,15,9,145.05
2007/08,AA Noffke,9,12,1,0,75.0
2007/08,AB Agarkar,54,49,5,2,110.2
2007/08,AB Dinda,2,4,0,0,50.0
2007/08,AB de Villiers,95,100,5,1,95.0
2007/08,AC Gilchrist,436,328,51,19,132.93
2007/08,AD Mascarenhas,9,8,0,1,112.5
2007/08,AM Nayar,206,142,16,9,145.07
2007/08,AM Rahane,4,19,1,0,21.05
2007/08,AS Yadav,49,40,5,2,122.5
2007/08,Abdur Razzak,0,2,0,0,0.0
2007/08,B Akhil,46,32,4,3,143.75
2007/08,B Chipli,20,30,3,0,66.67
2007/08,B Lee,17,14,2,1,121.43
2007/08,BB McCullum,188,96,13,15,195.83
2007/08,BJ Hodge,12,18,2,0,66.67
2007/08,CK Kapugedera,16,24,0,0,66.67
2007/08,CL White,114,105,8,4,108.57
2007/08,CRD Fernando,2,1,0,0,200.0
2007/08,D Kalyankrishna,3,8,0,0,37.5
2007/08,D Salunkhe,33,24,5,0,137.5
2007/08,DB Das,103,95,9,5,108.42
2007/08,DB Ravi Teja,109,85,10,5,128.24
2007/08,DJ Bravo,178,137,19,5,129.93
2007/08,DJ Hussey,319,267,19,17,119.48
2007/08,DJ Thornely,39,54,2,2,72.22
2007/08,DNT Zoysa,11,9,1,0,122.22
2007/08,DP Vijaykumar,1,1,0,0,100.0
2007/08,DPMD Jayawardene,179,138,15,7,129.71
2007/08,DR Smith,45,41,5,1,109.76
2007/08,DS Kulkarni,2,17,0,0,11.76
2007/08,DS Lehmann,18,19,3,0,94.74
2007/08,DT Patil,13,13,1,0,100.0
2007/08,DW Steyn,2,5,0,0,40.0
2007/08,G Gambhir,534,394,68,8,135.53
2007/08,GC Smith,441,375,54,8,117.6
2007/08,GD McGrath,4,5,1,0,80.0
2007/08,H Das,2,5,0,0,40.0
2007/08,HH Gibbs,167,159,17,8,105.03
2007/08,Harbhajan Singh,30,17,1,3,176.47
2007/08,I Sharma,11,11,1,0,100.0
2007/08,IK Pathan,131,120,9,6,109.17
2007/08,Iqbal Abdulla,1,2,0,0,50.0
2007/08,J Arunkumar,23,24,5,0,95.83
2007/08,JA Morkel,241,168,18,14,143.45
2007/08,JDP Oram,18,13,1,1,138.46
2007/08,JH Kallis,199,188,23,4,105.85
2007/08,JR Hopes,221,152,27,8,145.39
2007/08,Joginder Sharma,16,11,1,1,145.45
2007/08,K Goel,76,79,7,4,96.2
2007/08,KC Sangakkara,320,207,41,8,154.59
2007/08,KD Karthik,145,108,13,4,134.26
2007/08,Kamran Akmal,128,78,13,8,164.1
2007/08,L Balaji,0,5,0,0,0.0
2007/08,L Ronchi,34,34,6,1,100.0
2007/08,LA Pomersbach,152,101,13,9,150.5
2007/08,LPC Silva,40,27,5,1,148.15
2007/08,LR Shukla,163,127,17,5,128.35
2007/08,LRPL Taylor,149,85,13,10,175.29
2007/08,M Kaif,176,176,14,6,100.0
2007/08,M Kartik,30,28,3,0,107.14
2007/08,M Muralitharan,0,3,0,0,0.0
2007/08,M Ntini,11,19,2,0,57.89
2007/08,M Rawat,34,39,3,1,87.18
2007/08,MA Khote,24,22,2,1,109.09
2007/08,MEK Hussey,168,100,12,11,168.0
2007/08,MF Maharoof,125,79,10,7,158.23
2007/08,MK Pandey,3,10,0,0,30.0
2007/08,MK Tiwary,104,87,16,0,119.54
2007/08,ML Hayden,189,135,24,6,140.0
2007/08,MM Patel,0,1,0,0,0.0
2007/08,MS Dhoni,414,319,38,15,129.78
2007/08,MS Gony,35,25,2,3,140.0
2007/08,MV Boucher,225,181,24,6,124.31
2007/08,Misbah-ul-Haq,117,82,10,6,142.68
2007/08,Mohammad Asif,3,6,0,0,50.0
2007/08,Mohammad Hafeez,64,84,7,2,76.19
2007/08,NK Patel,103,83,13,1,124.1
2007/08,P Kumar,112,100,10,6,112.0
2007/08,PA Patel,302,315,42,3,95.87
2007/08,PJ Sangwan,2,5,0,0,40.0
2007/08,PM Sarvesh Kumar,1,2,0,0,50.0
2007/08,PP Chawla,90,61,10,3,147.54
2007/08,PP Ojha,2,4,0,0,50.0
2007/08,PR Shah,34,38,4,0,89.47
2007/08,Pankaj Singh,5,8,0,0,62.5
2007/08,R Bhatia,34,28,2,2,121.43
2007/08,R Dravid,371,299,35,11,124.08
2007/08,R Vinay Kumar,25,28,2,1,89.29
2007/08,RA Jadeja,135,108,11,6,125.0
2007/08,RG Sharma,404,276,38,19,146.38
2007/08,RP Singh,27,25,2,1,108.0
2007/08,RR Powar,28,21,4,1,133.33
2007/08,RR Raje,8,9,1,0,88.89
2007/08,RR Sarwan,73,78,6,1,93.59
2007/08,RT Ponting,39,53,2,1,73.58
2007/08,RV Uthappa,320,291,34,9,109.97
2007/08,S Anirudha,1,8,0,0,12.5
2007/08,S Badrinath,192,138,21,8,139.13
2007/08,S Chanderpaul,25,33,4,0,75.76
2007/08,S Dhawan,340,308,35,8,110.39
2007/08,S Sohal,4,8,0,0,50.0
2007/08,S Sreesanth,0,3,0,0,0.0
2007/08,S Vidyut,145,115,21,3,126.09
2007/08,SA Asnodkar,311,241,43,6,129.05
2007/08,SB Bangar,47,49,1,3,95.92
2007/08,SB Joshi,6,16,0,0,37.5
2007/08,SB Styris,112,124,9,2,90.32
2007/08,SC Ganguly,349,324,33,15,107.72
2007/08,SD Chitnis,18,10,1,1,180.0
2007/08,SE Marsh,616,452,59,26,136.28
2007/08,SK Raina,421,304,35,18,138.49
2007/08,SK Trivedi,5,12,0,0,41.67
2007/08,SK Warne,70,60,7,2,116.67
2007/08,SM Katich,96,72,11,2,133.33
2007/08,SM Pollock,147,116,12,8,126.72
2007/08,SP Fleming,196,171,27,3,114.62
2007/08,SP Goswami,82,86,9,1,95.35
2007/08,SR Tendulkar,188,189,26,2,99.47
2007/08,SR Watson,472,322,47,19,146.58
2007/08,SS Tiwary,26,20,3,1,130.0
2007/08,ST Jayasuriya,514,333,57,31,154.35
2007/08,Salman Butt,193,172,30,2,112.21
2007/08,Shahid Afridi,81,46,7,6,176.09
2007/08,Shoaib Akhtar,2,8,0,0,25.0
2007/08,Shoaib Malik,52,49,5,0,106.12
2007/08,Sohail Tanvir,36,31,3,1,116.13
2007/08,T Kohli,10,16,0,1,62.5
2007/08,T Taibu,31,26,3,0,119.23
2007/08,TM Dilshan,104,79,14,3,131.65
2007/08,TM Srivastava,8,10,0,0,80.0
2007/08,U Kaul,0,1,0,0,0.0
2007/08,Umar Gul,39,19,1,5,205.26
2007/08,V Kohli,165,168,18,4,98.21
2007/08,V Sehwag,406,229,46,21,177.29
2007/08,VRV Singh,4,3,1,0,133.33
2007/08,VS Yeligati,2,2,0,0,100.0
2007/08,VVS Laxman,155,134,22,1,115.67
2007/08,VY Mahesh,15,28,0,0,53.57
2007/08,W Jaffer,115,110,12,3,104.55
2007/08,WA Mota,26,28,2,0,92.86
2007/08,WP Saha,159,119,12,7,133.61
2007/08,WPUJC Vaas,21,18,0,1,116.67
2007/08,Y Venugopal Rao,288,217,22,15,132.72
2007/08,YK Pathan,435,253,43,25,171.94
2007/08,YV Takawale,70,69,7,2,101.45
2007/08,Younis Khan,3,7,0,0,42.86
2007/08,Yuvraj Singh,299,191,24,19,156.54
2007/08,Z Khan,34,43,4,0,79.07
2009,A Chopra,11,20,2,0,55.0
2009,A Flintoff,62,57,5,2,108.77
2009,A Kumble,16,20,2,0,80.0
2009,A Mishra,26,20,2,2,130.0
2009,A Nehra,1,1,0,0,100.0
2009,A Singh,1,3,0,0,33.33
2009,A Symonds,249,171,15,11,145.61
2009,AA Bilakhia,67,84,5,0,79.76
2009,AB Agarkar,66,58,3,3,113.79
2009,AB Dinda,2,3,0,0,66.67
2009,AB McDonald,3,4,0,0,75.0
2009,AB de Villiers,465,359,39,12,129.53
2009,AC Gilchrist,495,337,54,29,146.88
2009,AD Mascarenhas,39,39,4,0,100.0
2009,AD Mathews,16,14,2,0,114.29
2009,AM Nayar,193,155,14,7,124.52
2009,AM Rahane,144,128,12,3,112.5
2009,AN Ghosh,7,8,1,0,87.5
2009,AS Raut,78,65,5,3,120.0
2009,B Akhil,17,16,1,1,106.25
2009,B Lee,28,35,2,1,80.0
2009,BAW Mendis,0,1,0,0,0.0
2009,BB McCullum,286,248,27,12,115.32
2009,BJ Hodge,365,317,34,9,115.14
2009,C Nanda,0,1,0,0,0.0
2009,CH Gayle,184,159,18,10,115.72
2009,D du Preez,10,13,0,0,76.92
2009,DA Warner,163,137,16,5,118.98
2009,DB Ravi Teja,65,71,7,0,91.55
2009,DJ Bravo,218,211,15,8,103.32
2009,DJ Hussey,98,61,7,6,160.66
2009,DL Vettori,34,32,3,0,106.25
2009,DPMD Jayawardene,219,172,17,7,127.33
2009,DR Smith,215,134,12,15,160.45
2009,DS Kulkarni,9,18,0,0,50.0
2009,DW Steyn,0,3,0,0,0.0
2009,FH Edwards,4,5,0,0,80.0
2009,G Gambhir,286,283,32,2,101.06
2009,GC Smith,212,222,27,1,95.5
2009,GJ Bailey,45,40,7,0,112.5
2009,GR Napier,15,16,1,0,93.75
2009,HH Gibbs,371,344,32,12,107.85
2009,Harbhajan Singh,84,57,6,5,147.37
2009,I Sharma,16,13,1,1,123.08
2009,IK Pathan,196,164,17,6,119.51
2009,J Botha,47,42,5,0,111.9
2009,JA Morkel,97,73,8,4,132.88
2009,JD Ryder,56,49,9,0,114.29
2009,JDP Oram,88,94,5,4,93.62
2009,JH Kallis,361,349,37,8,103.44
2009,JP Duminy,372,334,26,11,111.38
2009,Joginder Sharma,20,18,0,1,111.11
2009,K Goel,124,140,9,4,88.57
2009,KC Sangakkara,332,332,29,5,100.0
2009,KD Karthik,288,224,20,9,128.57
2009,KP Appanna,0,1,0,0,0.0
2009,KP Pietersen,93,89,8,2,104.49
2009,KV Sharma,1,3,0,0,33.33
2009,Kamran Khan,3,5,0,0,60.0
2009,L Balaji,4,10,0,0,40.0
2009,L Ronchi,0,3,0,0,0.0
2009,LA Carseldine,81,71,11,0,114.08
2009,LA Pomersbach,41,49,3,1,83.67
2009,LR Shukla,83,86,5,3,96.51
2009,LRPL Taylor,280,211,20,15,132.7
2009,M Kartik,21,20,0,0,105.0
2009,M Manhas,75,65,7,1,115.38
2009,M Morkel,8,9,1,0,88.89
2009,M Muralitharan,8,8,1,0,100.0
2009,M Rawat,16,20,1,0,80.0
2009,M Vijay,60,69,4,2,86.96
2009,MC Henriques,38,40,2,1,95.0
2009,MF Maharoof,21,21,0,0,100.0
2009,MK Pandey,168,120,17,4,140.0
2009,MK Tiwary,9,13,1,0,69.23
2009,ML Hayden,572,409,60,22,139.85
2009,MM Patel,33,26,5,0,126.92
2009,MN van Wyk,167,135,19,1,123.7
2009,MS Dhoni,332,270,22,9,122.96
2009,MS Gony,13,7,0,2,185.71
2009,MV Boucher,150,121,8,6,123.97
2009,Mashrafe Mortaza,2,2,0,0,100.0
2009,Mohammad Ashraful,2,12,0,0,16.67
2009,NK Patel,18,41,1,0,43.9
2009,NV Ojha,168,145,11,11,115.86
2009,P Kumar,65,46,1,6,141.3
2009,PA Patel,142,131,19,2,108.4
2009,PC Valthaty,6,12,1,0,50.0
2009,PJ Sangwan,6,10,0,0,60.0
2009,PP Chawla,31,39,3,0,79.49
2009,PP Ojha,1,7,0,0,14.29
2009,PR Shah,53,54,4,2,98.15
2009,Pankaj Singh,1,2,0,0,50.0
2009,R Ashwin,8,15,1,0,53.33
2009,R Bhatia,8,18,1,0,44.44
2009,R Bishnoi,19,17,1,2,111.76
2009,R Dravid,271,239,28,3,113.39
2009,R Vinay Kumar,47,44,4,1,106.82
2009,RA Jadeja,295,276,21,6,106.88
2009,RE van der Merwe,122,101,8,8,120.79
2009,RG Sharma,362,323,22,18,112.07
2009,RJ Harris,21,18,0,0,116.67
2009,RJ Quiney,103,105,12,3,98.1
2009,RP Singh,8,17,0,0,47.06
2009,RR Powar,23,22,2,0,104.55
2009,RR Raje,12,9,0,1,133.33
2009,RS Bopara,138,124,8,7,111.29
2009,RV Uthappa,175,177,18,3,98.87
2009,S Badrinath,177,166,20,4,106.63
2009,S Dhawan,40,46,3,0,86.96
2009,S Sohal,115,102,9,8,112.75
2009,S Sreesanth,5,19,1,0,26.32
2009,SA Asnodkar,98,98,11,4,100.0
2009,SB Bangar,2,9,0,0,22.22
2009,SB Jakati,20,16,3,0,125.0
2009,SB Styris,14,8,0,1,175.0
2009,SC Ganguly,189,213,13,6,88.73
2009,SD Chitnis,6,9,1,0,66.67
2009,SK Raina,434,318,37,21,136.48
2009,SK Trivedi,9,19,0,0,47.37
2009,SK Warne,108,118,6,4,91.53
2009,SL Malinga,0,1,0,0,0.0
2009,SM Harwood,9,14,0,0,64.29
2009,SM Katich,145,119,15,6,121.85
2009,SP Goswami,53,64,6,0,82.81
2009,SR Tendulkar,364,315,39,10,115.56
2009,SS Shaikh,6,7,1,0,85.71
2009,SS Tiwary,13,12,0,0,108.33
2009,ST Jayasuriya,221,205,23,7,107.8
2009,Shoaib Ahmed,1,6,0,0,16.67
2009,T Henderson,11,16,0,1,68.75
2009,T Kohli,1,4,0,0,25.0
2009,T Thushara,2,8,0,0,25.0
2009,TL Suman,237,193,18,8,122.8
2009,TM Dilshan,418,357,42,13,117.09
2009,TM Srivastava,0,1,0,0,0.0
2009,V Kohli,246,225,22,8,109.33
2009,V Sehwag,198,146,24,7,135.62
2009,VVS Laxman,19,33,1,1,57.58
2009,W Jaffer,15,19,2,0,78.95
2009,WA Mota,30,48,0,0,62.5
2009,WP Saha,72,41,3,4,175.61
2009,WPUJC Vaas,30,21,1,1,142.86
2009,Y Nagar,20,22,1,0,90.91
2009,Y Venugopal Rao,124,118,6,3,105.08
2009,YK Pathan,261,192,25,14,135.94
2009,YV Takawale,18,22,2,0,81.82
2009,Yashpal Singh,47,67,5,0,70.15
2009,Yuvraj Singh,340,317,25,16,107.26
2009,Z Khan,8,11,0,0,72.73
2009/10,A Kumble,6,12,0,0,50.0
2009/10,A Mishra,39,54,1,0,72.22
2009/10,A Mithun,5,4,1,0,125.0
2009/10,A Nehra,23,20,2,1,115.0
2009/10,A Symonds,429,356,35,18,120.51
2009/10,A Uniyal,4,7,0,0,57.14
2009/10,AA Bilakhia,2,4,0,0,50.0
2009/10,AA Jhunjhunwala,183,172,16,4,106.4
2009/10,AB Agarkar,40,30,4,0,133.33
2009/10,AB Barath,42,43,5,1,97.67
2009/10,AB Dinda,0,1,0,0,0.0
2009/10,AB McDonald,65,54,3,2,120.37
2009/10,AB de Villiers,111,123,7,0,90.24
2009/10,AC Gilchrist,289,200,31,16,144.5
2009/10,AC Voges,181,143,15,3,126.57
2009/10,AD Mascarenhas,12,11,0,0,109.09
2009/10,AD Mathews,233,197,18,8,118.27
2009/10,AG Paunikar,0,1,0,0,0.0
2009/10,AJ Finch,21,21,0,1,100.0
2009/10,AM Nayar,58,51,4,2,113.73
2009/10,AN Ahmed,4,8,0,0,50.0
2009/10,AP Dole,34,23,3,1,147.83
2009/10,AP Tare,50,41,5,3,121.95
2009/10,AS Raut,56,48,3,3,116.67
2009/10,AT Rayudu,356,258,34,13,137.98
2009/10,Anirudh Singh,63,69,6,1,91.3
2009/10,B Lee,11,11,1,0,100.0
2009/10,B Sumanth,35,38,3,0,92.11
2009/10,BAW Mendis,1,1,0,0,100.0
2009/10,BB McCullum,114,117,14,2,97.44
2009/10,BJ Hodge,99,95,11,1,104.21
2009/10,Bipul Sharma,9,7,1,0,128.57
2009/10,C Madan,15,21,3,0,71.43
2009/10,CA Pujara,122,119,14,3,102.52
2009/10,CH Gayle,292,197,30,16,148.22
2009/10,CK Langeveldt,0,1,0,0,0.0
2009/10,CL White,48,33,3,3,145.45
2009/10,CRD Fernando,2,2,0,0,100.0
2009/10,DA Warner,282,195,27,14,144.62
2009/10,DE Bollinger,18,17,1,1,105.88
2009/10,DJ Bravo,61,53,3,4,115.09
2009/10,DJ Hussey,94,89,5,5,105.62
2009/10,DL Vettori,33,28,4,0,117.86
2009/10,DP Nannes,4,13,0,0,30.77
2009/10,DPMD Jayawardene,445,312,55,12,142.63
2009/10,DR Martyn,19,26,1,0,73.08
2009/10,DR Smith,22,25,1,1,88.0
2009/10,DW Steyn,13,17,2,0,76.47
2009/10,EJG Morgan,35,31,2,1,112.9
2009/10,FY Fazal,164,160,19,1,102.5
2009/10,G Gambhir,277,223,32,2,124.22
2009/10,GC Smith,44,40,7,0,110.0
2009/10,GJ Bailey,18,27,2,0,66.67
2009/10,HH Gibbs,267,243,26,9,109.88
2009/10,Harbhajan Singh,105,64,12,5,164.06
2009/10,Harmeet Singh,0,1,0,0,0.0
2009/10,I Sharma,6,17,0,0,35.29
2009/10,IK Pathan,276,188,21,10,146.81
2009/10,Iqbal Abdulla,0,1,0,0,0.0
2009/10,J Theron,2,6,0,0,33.33
2009/10,JA Morkel,199,135,10,13,147.41
2009/10,JH Kallis,572,517,67,9,110.64
2009/10,JM Kemp,26,25,1,1,104.0
2009/10,JP Duminy,157,134,13,5,117.16
2009/10,Jaskaran Singh,8,11,0,0,72.73
2009/10,K Goel,18,20,1,1,90.0
2009/10,KA Pollard,273,152,23,17,179.61
2009/10,KAJ Roach,10,9,1,0,111.11
2009/10,KB Arun Karthik,3,5,0,0,60.0
2009/10,KC Sangakkara,357,260,47,5,137.31
2009/10,KD Karthik,278,242,26,6,114.88
2009/10,KM Jadhav,76,60,7,2,126.67
2009/10,KP Appanna,2,3,0,0,66.67
2009/10,KP Pietersen,236,159,23,8,148.43
2009/10,L Balaji,18,20,1,1,90.0
2009/10,LR Shukla,36,27,3,2,133.33
2009/10,LRPL Taylor,88,77,2,6,114.29
2009/10,M Kaif,28,31,2,0,90.32
2009/10,M Kartik,22,22,2,0,100.0
2009/10,M Manhas,157,151,14,0,103.97
2009/10,M Morkel,9,16,1,0,56.25
2009/10,M Muralitharan,1,2,0,0,50.0
2009/10,M Vijay,458,305,36,26,150.16
2009/10,MC Henriques,11,5,2,0,220.0
2009/10,MD Mishra,166,149,18,6,111.41
2009/10,MEK Hussey,37,44,2,0,84.09
2009/10,MF Maharoof,31,24,2,2,129.17
2009/10,MJ Lumb,278,196,45,6,141.84
2009/10,MK Pandey,249,233,27,7,106.87
2009/10,MK Tiwary,237,192,23,5,123.44
2009/10,ML Hayden,346,295,37,16,117.29
2009/10,MM Patel,4,5,0,0,80.0
2009/10,MR Marsh,28,31,1,1,90.32
2009/10,MS Bisla,218,189,27,6,115.34
2009/10,MS Dhoni,287,215,26,8,133.49
2009/10,MS Gony,2,7,0,0,28.57
2009/10,MV Boucher,13,10,0,1,130.0
2009/10,Mandeep Singh,4,11,1,0,36.36
2009/10,NV Ojha,377,294,42,15,128.23
2009/10,OA Shah,115,96,7,5,119.79
2009/10,P Dogra,107,108,4,5,99.07
2009/10,P Kumar,4,8,0,0,50.0
2009/10,PA Patel,72,83,6,2,86.75
2009/10,PD Collingwood,203,159,9,13,127.67
2009/10,PJ Sangwan,10,15,0,0,66.67
2009/10,PP Chawla,62,63,7,0,98.41
2009/10,PP Ojha,3,8,0,0,37.5
2009/10,Pankaj Singh,1,2,0,0,50.0
2009/10,R Ashwin,30,40,2,0,75.0
2009/10,R Bhatia,24,17,1,2,141.18
2009/10,R Dravid,256,203,34,3,126.11
2009/10,R McLaren,66,71,7,0,92.96
2009/10,R Sathish,112,98,11,0,114.29
2009/10,R Sharma,29,26,3,1,111.54
2009/10,R Vinay Kumar,27,35,1,0,77.14
2009/10,RE van der Merwe,1,2,0,0,50.0
2009/10,RG Sharma,404,310,36,14,130.32
2009/10,RJ Harris,45,39,2,2,115.38
2009/10,RP Singh,9,20,0,0,45.0
2009/10,RR Powar,5,8,0,0,62.5
2009/10,RS Bopara,248,223,25,3,111.21
2009/10,RS Gavaskar,2,8,0,0,25.0
2009/10,RS Sodhi,4,2,1,0,200.0
2009/10,RV Uthappa,374,224,21,27,166.96
2009/10,S Anirudha,30,19,2,2,157.89
2009/10,S Badrinath,356,310,41,5,114.84
2009/10,S Dhawan,191,180,23,3,106.11
2009/10,S Ladda,0,10,0,0,0.0
2009/10,S Narwal,14,13,2,0,107.69
2009/10,S Sreesanth,27,22,5,0,122.73
2009/10,S Sriram,27,31,3,0,87.1
2009/10,S Tyagi,3,4,0,0,75.0
2009/10,SA Asnodkar,5,4,1,0,125.0
2009/10,SC Ganguly,493,440,58,15,112.05
2009/10,SE Bond,1,2,0,0,50.0
2009/10,SE Marsh,147,117,14,6,125.64
2009/10,SJ Srivastava,1,2,0,0,50.0
2009/10,SK Raina,528,387,45,23,136.43
2009/10,SK Trivedi,20,15,3,1,133.33
2009/10,SK Warne,10,21,0,0,47.62
2009/10,SL Malinga,1,1,0,0,100.0
2009/10,SP Goswami,8,10,2,0,80.0
2009/10,SR Tendulkar,618,489,86,3,126.38
2009/10,SR Watson,185,117,18,9,158.12
2009/10,SS Tiwary,419,319,29,18,131.35
2009/10,ST Jayasuriya,33,35,4,1,94.29
2009/10,STR Binny,8,5,1,0,160.0
2009/10,SW Tait,12,13,0,1,92.31
2009/10,T Thushara,10,11,0,0,90.91
2009/10,TL Suman,307,264,23,12,116.29
2009/10,TM Dilshan,44,55,6,0,80.0
2009/10,UT Yadav,3,4,0,0,75.0
2009/10,V Kohli,307,216,26,12,142.13
2009/10,V Sehwag,356,227,47,14,156.83
2009/10,VS Malik,6,5,1,0,120.0
2009/10,VVS Laxman,64,62,7,1,103.23
2009/10,WP Saha,67,53,9,1,126.42
2009/10,WPUJC Vaas,30,34,1,1,88.24
2009/10,Y Nagar,1,7,0,0,14.29
2009/10,Y Venugopal Rao,34,44,3,1,77.27
2009/10,YA Abdulla,0,1,0,0,0.0
2009/10,YK Pathan,333,210,22,24,158.57
2009/10,Yuvraj Singh,259,206,21,14,125.73
2009/10,Z Khan,24,13,3,1,184.62
2011,A Mishra,68,52,9,1,130.77
2011,A Mithun,27,20,3,1,135.0
2011,A Singh,1,4,0,0,25.0
2011,A Symonds,135,143,9,3,94.41
2011,AA Chavan,1,3,0,0,33.33
2011,AA Jhunjhunwala,10,19,2,0,52.63
2011,AB Agarkar,7,7,1,0,100.0
2011,AB Dinda,0,5,0,0,0.0
2011,AB McDonald,8,7,0,0,114.29
2011,AB de Villiers,312,248,21,14,125.81
2011,AC Blizzard,120,88,21,2,136.36
2011,AC Gilchrist,383,309,41,18,123.95
2011,AC Thomas,1,4,0,0,25.0
2011,AG Murtaza,2,5,0,0,40.0
2011,AG Paunikar,49,60,9,0,81.67
2011,AJ Finch,47,51,3,3,92.16
2011,AL Menaria,180,158,10,10,113.92
2011,AM Nayar,61,67,9,0,91.04
2011,AM Rahane,120,99,12,2,121.21
2011,AN Ahmed,18,13,1,1,138.46
2011,AS Raut,60,59,5,1,101.69
2011,AT Rayudu,395,355,44,9,111.27
2011,AUK Pathan,33,18,5,2,183.33
2011,B Akhil,13,9,0,1,144.44
2011,B Chipli,207,172,21,4,120.35
2011,B Kumar,1,1,0,0,100.0
2011,B Lee,5,9,0,0,55.56
2011,BA Bhatt,0,5,0,0,0.0
2011,BB McCullum,357,292,35,16,122.26
2011,BJ Haddin,18,11,2,1,163.64
2011,BJ Hodge,285,245,26,9,116.33
2011,Bipul Sharma,23,18,1,0,127.78
2011,CA Ingram,21,26,2,0,80.77
2011,CA Pujara,34,32,4,0,106.25
2011,CH Gayle,608,342,57,44,177.78
2011,CJ Ferguson,48,56,6,0,85.71
2011,CK Langeveldt,8,8,0,1,100.0
2011,CL White,104,109,6,2,95.41
2011,DA Warner,324,281,34,11,115.3
2011,DB Ravi Teja,183,147,17,4,124.49
2011,DE Bollinger,0,1,0,0,0.0
2011,DH Yagnik,16,23,1,0,69.57
2011,DJ Bravo,11,6,1,1,183.33
2011,DJ Hussey,64,65,3,3,98.46
2011,DJ Jacobs,92,91,10,4,101.1
2011,DL Vettori,23,30,1,1,76.67
2011,DPMD Jayawardene,299,272,35,5,109.93
2011,DS Kulkarni,2,4,0,0,50.0
2011,DT Christian,190,161,9,7,118.01
2011,DW Steyn,36,37,3,0,97.3
2011,EJG Morgan,137,123,17,3,111.38
2011,FY Fazal,19,19,3,0,100.0
2011,G Gambhir,378,332,44,3,113.86
2011,GC Smith,42,54,6,0,77.78
2011,Harbhajan Singh,103,74,9,6,139.19
2011,Harpreet Singh,14,20,0,0,70.0
2011,I Malhotra,7,4,1,0,175.0
2011,I Sharma,4,5,0,0,80.0
2011,IK Pathan,150,146,12,6,102.74
2011,IR Jaggi,28,38,3,0,73.68
2011,Iqbal Abdulla,15,12,1,0,125.0
2011,J Botha,230,200,20,2,115.0
2011,J Syed Mohammad,15,13,2,0,115.38
2011,JA Morkel,138,108,8,8,127.78
2011,JD Ryder,292,201,37,11,145.27
2011,JDP Oram,0,3,0,0,0.0
2011,JE Taylor,3,4,0,0,75.0
2011,JEC Franklin,107,80,10,2,133.75
2011,JH Kallis,424,386,46,6,109.84
2011,JJ van der Wath,18,17,1,1,105.88
2011,JP Duminy,205,176,9,8,116.48
2011,JR Hopes,196,162,22,3,120.99
2011,Joginder Sharma,0,1,0,0,0.0
2011,KA Pollard,146,141,12,6,103.55
2011,KB Arun Karthik,7,8,1,0,87.5
2011,KC Sangakkara,358,298,44,5,120.13
2011,KD Karthik,282,225,32,7,125.33
2011,KM Jadhav,18,23,1,0,78.26
2011,L Ablish,0,2,0,0,0.0
2011,L Balaji,4,2,0,0,200.0
2011,LA Pomersbach,51,41,4,2,124.39
2011,LR Shukla,14,10,2,0,140.0
2011,LRPL Taylor,181,158,11,7,114.56
2011,M Kaif,41,35,5,0,117.14
2011,M Kartik,12,15,1,0,80.0
2011,M Klinger,73,78,9,0,93.59
2011,M Manhas,114,128,8,4,89.06
2011,M Morkel,40,25,3,2,160.0
2011,M Muralitharan,5,8,0,0,62.5
2011,M Vijay,434,349,34,20,124.36
2011,MA Agarwal,141,129,16,4,109.3
2011,MD Mishra,67,60,5,2,111.67
2011,MEK Hussey,492,423,53,6,116.31
2011,MJ Lumb,0,2,0,0,0.0
2011,MK Pandey,246,233,28,6,105.58
2011,MK Tiwary,359,336,26,14,106.85
2011,MM Patel,0,1,0,0,0.0
2011,MR Marsh,50,50,2,3,100.0
2011,MS Bisla,72,90,8,0,80.0
2011,MS Dhoni,392,247,25,23,158.7
2011,MS Gony,0,2,0,0,0.0
2011,MS Wade,22,33,0,0,66.67
2011,MV Boucher,6,6,0,0,100.0
2011,Mandeep Singh,47,42,4,1,111.9
2011,ND Doshi,0,13,0,0,0.0
2011,NJ Rimmington,1,1,0,0,100.0
2011,NL McCullum,26,23,0,1,113.04
2011,NLTC Perera,23,29,4,0,79.31
2011,NV Ojha,160,169,11,11,94.67
2011,OA Shah,26,16,1,2,162.5
2011,P Kumar,27,33,2,1,81.82
2011,P Parameswaran,1,1,0,0,100.0
2011,PA Patel,202,189,25,2,106.88
2011,PC Valthaty,463,351,56,20,131.91
2011,PP Chawla,48,55,2,2,87.27
2011,PR Shah,5,5,1,0,100.0
2011,R Ashwin,2,6,0,0,33.33
2011,R Bhatia,25,23,3,0,108.7
2011,R Dravid,343,320,45,2,107.19
2011,R McLaren,90,101,7,1,89.11
2011,R Ninan,3,6,0,0,50.0
2011,R Sathish,25,35,1,0,71.43
2011,R Sharma,24,23,1,2,104.35
2011,R Vinay Kumar,50,48,4,1,104.17
2011,RA Jadeja,283,234,20,14,120.94
2011,RE van der Merwe,14,16,1,0,87.5
2011,RG Sharma,372,304,32,13,122.37
2011,RJ Harris,31,39,3,0,79.49
2011,RN ten Doeschate,107,76,9,5,140.79
2011,RP Singh,2,4,0,0,50.0
2011,RR Powar,11,13,0,0,84.62
2011,RV Gomez,46,52,4,1,88.46
2011,RV Uthappa,264,215,27,10,122.79
2011,S Anirudha,83,78,6,3,106.41
2011,S Aravind,13,10,2,0,130.0
2011,S Badrinath,396,320,38,9,123.75
2011,S Dhawan,400,315,47,7,126.98
2011,S Nadeem,0,1,0,0,0.0
2011,S Rana,18,16,2,0,112.5
2011,S Randiv,2,4,0,0,50.0
2011,S Sohal,249,201,25,10,123.88
2011,S Sreesanth,1,9,0,0,11.11
2011,S Sriram,4,7,0,0,57.14
2011,SA Asnodkar,9,9,1,0,100.0
2011,SB Styris,5,2,1,0,250.0
2011,SB Wagh,2,3,0,0,66.67
2011,SC Ganguly,50,61,3,2,81.97
2011,SD Chitnis,9,9,1,0,100.0
2011,SE Marsh,504,349,52,20,144.41
2011,SJ Srivastava,4,3,0,0,133.33
2011,SK Raina,438,335,36,17,130.75
2011,SK Trivedi,0,2,0,0,0.0
2011,SK Warne,10,20,1,0,50.0
2011,SL Malinga,8,9,0,1,88.89
2011,SP Goswami,29,31,5,0,93.55
2011,SR Tendulkar,553,511,67,5,108.22
2011,SR Watson,330,256,31,17,128.91
2011,SS Tiwary,187,196,13,5,95.41
2011,STR Binny,37,31,2,1,119.35
2011,SW Tait,10,10,1,0,100.0
2011,Shakib Al Hasan,29,23,4,0,126.09
2011,Sunny Singh,43,31,6,1,138.71
2011,TD Paine,10,29,0,0,34.48
2011,TL Suman,65,53,5,5,122.64
2011,TM Dilshan,226,185,33,3,122.16
2011,TR Birt,75,59,9,2,127.12
2011,UBT Chand,2,12,0,0,16.67
2011,UT Yadav,1,6,0,0,16.67
2011,V Kohli,557,473,55,16,117.76
2011,V Sehwag,424,247,51,18,171.66
2011,VR Aaron,0,5,0,0,0.0
2011,VVS Laxman,44,42,3,2,104.76
2011,WD Parnell,37,42,2,1,88.1
2011,WP Saha,68,67,2,4,101.49
2011,Y Gnaneswara Rao,19,18,3,0,105.56
2011,Y Nagar,111,108,6,6,102.78
2011,Y Venugopal Rao,336,292,30,13,115.07
2011,YK Pathan,283,205,24,13,138.05
2011,Yuvraj Singh,343,269,24,18,127.51
2011,Z Khan,21,24,2,0,87.5
2012,A Ashish Reddy,35,30,3,1,116.67
2012,A Chandila,0,1,0,0,0.0
2012,A Mishra,16,21,1,0,76.19
2012,A Nehra,11,13,1,0,84.62
2012,A Singh,0,3,0,0,0.0
2012,AA Chavan,11,8,2,0,137.5
2012,AA Jhunjhunwala,24,27,1,1,88.89
2012,AB Dinda,2,5,0,0,40.0
2012,AB McDonald,47,36,6,2,130.56
2012,AB de Villiers,319,203,26,15,157.14
2012,AC Blizzard,0,3,0,0,0.0
2012,AC Gilchrist,172,147,21,4,117.01
2012,AC Thomas,19,15,1,1,126.67
2012,AD Mascarenhas,14,16,1,0,87.5
2012,AD Mathews,127,110,5,4,115.45
2012,AD Russell,47,27,3,3,174.07
2012,AG Murtaza,3,5,0,0,60.0
2012,AJ Finch,55,52,8,0,105.77
2012,AL Menaria,220,207,14,8,106.28
2012,AM Nayar,45,49,2,1,91.84
2012,AM Rahane,560,448,73,10,125.0
2012,AP Majumdar,87,77,7,2,112.99
2012,AT Rayudu,333,261,21,14,127.59
2012,AUK Pathan,6,8,0,0,75.0
2012,Ankit Sharma,18,13,0,2,138.46
2012,Azhar Mahmood,186,145,16,8,128.28
2012,B Chipli,37,35,3,2,105.71
2012,B Kumar,40,41,4,0,97.56
2012,B Lee,42,21,2,4,200.0
2012,BA Bhatt,6,2,0,1,300.0
2012,BB McCullum,289,287,37,3,100.7
2012,BB Samantray,2,2,0,0,100.0
2012,BJ Hodge,245,180,18,9,136.11
2012,Bipul Sharma,72,47,6,3,153.19
2012,CA Lynn,6,10,1,0,60.0
2012,CA Pujara,17,23,1,1,73.91
2012,CH Gayle,733,472,46,59,155.3
2012,CJ Ferguson,50,63,3,0,79.37
2012,CJ McKay,8,15,0,0,53.33
2012,CL White,479,327,41,20,146.48
2012,DA Miller,98,76,6,4,128.95
2012,DA Warner,256,161,28,14,159.01
2012,DAJ Bracewell,12,9,1,0,133.33
2012,DB Das,126,96,9,6,131.25
2012,DB Ravi Teja,4,4,1,0,100.0
2012,DE Bollinger,3,5,0,0,60.0
2012,DH Yagnik,25,14,5,0,178.57
2012,DJ Bravo,371,271,20,20,136.9
2012,DJ Harris,111,103,11,5,107.77
2012,DJ Hussey,396,313,28,17,126.52
2012,DJ Jacobs,0,10,0,0,0.0
2012,DL Vettori,31,28,3,1,110.71
2012,DPMD Jayawardene,335,306,39,3,109.48
2012,DR Smith,157,102,18,7,153.92
2012,DS Kulkarni,10,5,2,0,200.0
2012,DT Christian,145,122,8,6,118.85
2012,DW Steyn,19,21,0,1,90.48
2012,F du Plessis,398,310,29,17,128.39
2012,G Gambhir,590,429,64,17,137.53
2012,GB Hogg,15,16,1,0,93.75
2012,GJ Maxwell,6,11,0,0,54.55
2012,Gurkeerat Singh,86,54,12,2,159.26
2012,HH Gibbs,81,91,8,2,89.01
2012,HV Patel,15,17,1,0,88.24
2012,Harbhajan Singh,108,82,14,3,131.71
2012,Harmeet Singh,15,7,3,0,214.29
2012,Harpreet Singh,6,6,0,0,100.0
2012,IK Pathan,176,133,14,6,132.33
2012,IR Jaggi,15,22,0,0,68.18
2012,Iqbal Abdulla,2,3,0,0,66.67
2012,J Botha,58,55,4,1,105.45
2012,J Syed Mohammad,4,1,1,0,400.0
2012,J Theron,7,6,1,0,116.67
2012,JA Morkel,107,71,5,6,150.7
2012,JD Ryder,256,216,23,8,118.52
2012,JEC Franklin,220,229,15,7,96.07
2012,JH Kallis,409,393,34,10,104.07
2012,JP Duminy,244,195,13,11,125.13
2012,JP Faulkner,14,14,0,0,100.0
2012,K Upadhyay,11,8,0,1,137.5
2012,KA Pollard,220,163,15,14,134.97
2012,KC Sangakkara,200,190,21,4,105.26
2012,KD Karthik,238,217,30,2,109.68
2012,KK Cooper,38,20,3,3,190.0
2012,KMDN Kulasekara,5,3,1,0,166.67
2012,KP Pietersen,305,210,22,20,145.24
2012,LR Shukla,75,57,4,5,131.58
2012,LRPL Taylor,197,177,12,7,111.3
2012,M Kaif,14,16,1,0,87.5
2012,M Kartik,26,21,1,1,123.81
2012,M Manhas,120,99,10,4,121.21
2012,M Morkel,3,5,0,0,60.0
2012,M Muralitharan,6,9,0,0,66.67
2012,M Vijay,336,273,39,10,123.08
2012,MA Agarwal,225,164,19,15,137.2
2012,MD Mishra,4,4,1,0,100.0
2012,MEK Hussey,261,241,28,8,108.3
2012,MJ Clarke,98,96,12,0,102.08
2012,MK Pandey,143,115,12,6,124.35
2012,MK Tiwary,260,251,21,3,103.59
2012,MM Patel,2,7,0,0,28.57
2012,MN Samuels,124,124,7,5,100.0
2012,MS Bisla,213,171,16,10,124.56
2012,MS Dhoni,358,283,26,9,126.5
2012,MS Gony,4,8,0,0,50.0
2012,Mandeep Singh,432,349,53,7,123.78
2012,N Saini,140,143,16,0,97.9
2012,NLTC Perera,4,12,0,0,33.33
2012,NV Ojha,255,230,21,13,110.87
2012,OA Shah,340,269,24,16,126.39
2012,P Awana,4,5,0,0,80.0
2012,P Dogra,15,25,0,0,60.0
2012,P Kumar,35,32,2,1,109.38
2012,P Negi,36,30,4,1,120.0
2012,P Parameswaran,0,2,0,0,0.0
2012,PA Patel,194,166,19,4,116.87
2012,PA Reddy,73,63,6,2,115.87
2012,PC Valthaty,30,52,4,0,57.69
2012,PP Chawla,106,88,9,4,120.45
2012,PP Ojha,4,14,0,0,28.57
2012,R Ashwin,18,15,2,0,120.0
2012,R Bhatia,35,30,4,0,116.67
2012,R Dravid,462,424,63,4,108.96
2012,R Sharma,2,11,0,0,18.18
2012,R Vinay Kumar,68,65,3,2,104.62
2012,RA Jadeja,191,153,13,9,124.84
2012,RE Levi,83,74,10,4,112.16
2012,RG Sharma,433,350,39,18,123.71
2012,RJ Harris,18,11,1,1,163.64
2012,RJ Peterson,32,32,3,1,100.0
2012,RN ten Doeschate,21,21,1,1,100.0
2012,RP Singh,6,12,0,0,50.0
2012,RR Bhatkal,0,2,0,0,0.0
2012,RV Uthappa,405,357,38,10,113.45
2012,S Anirudha,19,9,1,2,211.11
2012,S Aravind,14,8,3,0,175.0
2012,S Badrinath,196,188,23,2,104.26
2012,S Dhawan,569,448,58,18,127.01
2012,S Nadeem,0,2,0,0,0.0
2012,SA Yadav,0,4,0,0,0.0
2012,SB Jakati,7,12,0,0,58.33
2012,SC Ganguly,268,288,30,4,93.06
2012,SD Chitnis,66,64,7,1,103.12
2012,SE Marsh,336,288,39,7,116.67
2012,SK Raina,441,335,36,19,131.64
2012,SK Trivedi,5,6,0,0,83.33
2012,SL Malinga,55,55,4,3,100.0
2012,SP Goswami,69,69,4,1,100.0
2012,SP Narine,9,8,2,0,112.5
2012,SPD Smith,362,272,24,14,133.09
2012,SR Tendulkar,324,297,39,4,109.09
2012,SR Watson,255,171,26,14,149.12
2012,SS Tiwary,191,173,9,8,110.4
2012,STR Binny,90,70,9,3,128.57
2012,Shakib Al Hasan,91,77,6,3,118.18
2012,Sunny Gupta,0,1,0,0,0.0
2012,TL Suman,15,19,1,1,78.95
2012,TM Dilshan,285,274,33,5,104.01
2012,UBT Chand,36,35,2,3,102.86
2012,UT Yadav,2,7,0,0,28.57
2012,V Kohli,364,333,33,10,109.31
2012,V Pratap Singh,0,1,0,0,0.0
2012,V Sehwag,495,317,57,19,156.15
2012,VR Aaron,1,3,0,0,33.33
2012,WD Parnell,19,29,2,0,65.52
2012,WP Saha,6,14,0,0,42.86
2012,Y Nagar,153,134,13,3,114.18
2012,Y Venugopal Rao,132,129,8,5,102.33
2012,YK Pathan,194,179,10,7,108.38
2012,Z Khan,12,17,1,0,70.59
2013,A Ashish Reddy,125,90,8,5,138.89
2013,A Chandila,4,6,0,0,66.67
2013,A Mishra,89,103,9,0,86.41
2013,A Mithun,2,2,0,0,100.0
2013,A Mukund,19,22,1,0,86.36
2013,A Nehra,1,8,0,0,12.5
2013,AB Agarkar,12,16,0,0,75.0
2013,AB Dinda,9,11,1,0,81.82
2013,AB McDonald,0,2,0,0,0.0
2013,AB de Villiers,373,226,34,17,165.04
2013,AC Gilchrist,294,234,41,6,125.64
2013,AD Mascarenhas,5,5,0,0,100.0
2013,AD Mathews,172,141,5,10,121.99
2013,AD Russell,11,15,0,0,73.33
2013,AG Murtaza,5,4,1,0,125.0
2013,AJ Finch,456,344,54,16,132.56
2013,AL Menaria,1,2,0,0,50.0
2013,AM Nayar,66,74,5,0,89.19
2013,AM Rahane,488,472,42,11,103.39
2013,AP Tare,123,84,14,5,146.43
2013,AS Rajpoot,2,6,0,0,33.33
2013,AT Rayudu,265,235,22,4,112.77
2013,Azhar Mahmood,196,158,22,5,124.05
2013,B Chipli,16,19,1,1,84.21
2013,B Kumar,52,72,3,1,72.22
2013,B Laughlin,4,9,0,0,44.44
2013,B Lee,21,12,1,2,175.0
2013,BAW Mendis,2,4,0,0,50.0
2013,BB McCullum,6,7,1,0,85.71
2013,BB Samantray,123,114,13,2,107.89
2013,BJ Hodge,293,224,27,9,130.8
2013,BJ Rohrer,193,146,21,5,132.19
2013,BMAJ Mendis,23,27,0,0,85.19
2013,CA Pujara,92,100,14,0,92.0
2013,CH Gayle,720,484,57,52,148.76
2013,CH Morris,14,17,0,0,82.35
2013,CL White,226,200,18,9,113.0
2013,CM Gautam,44,37,4,1,118.92
2013,DA Miller,418,257,28,24,162.65
2013,DA Warner,410,333,41,14,123.12
2013,DB Das,75,76,5,5,98.68
2013,DB Ravi Teja,14,18,0,0,77.78
2013,DH Yagnik,125,99,17,2,126.26
2013,DJ Bravo,121,112,11,3,108.04
2013,DJ Hussey,235,210,20,6,111.9
2013,DJG Sammy,174,136,11,10,127.94
2013,DPMD Jayawardene,331,322,39,6,102.8
2013,DR Smith,418,351,40,19,119.09
2013,DT Christian,6,16,0,0,37.5
2013,DW Steyn,53,37,5,2,143.24
2013,EJG Morgan,307,250,28,13,122.8
2013,G Gambhir,406,354,51,5,114.69
2013,GH Vihari,241,287,17,1,83.97
2013,GJ Maxwell,36,27,1,4,133.33
2013,Gurkeerat Singh,108,98,10,3,110.2
2013,Harbhajan Singh,116,82,12,5,141.46
2013,Harmeet Singh,3,4,0,0,75.0
2013,IC Pandey,0,2,0,0,0.0
2013,IK Pathan,153,159,10,4,96.23
2013,Iqbal Abdulla,8,14,0,0,57.14
2013,J Botha,43,52,5,1,82.69
2013,J Syed Mohammad,10,13,1,0,76.92
2013,JA Morkel,46,37,2,3,124.32
2013,JD Unadkat,2,2,0,0,100.0
2013,JH Kallis,311,327,35,3,95.11
2013,JP Faulkner,57,57,5,2,100.0
2013,K Upadhyay,1,1,0,0,100.0
2013,KA Pollard,420,290,27,29,144.83
2013,KB Arun Karthik,41,40,3,1,102.5
2013,KC Sangakkara,120,137,13,0,87.59
2013,KD Karthik,510,422,54,14,120.85
2013,KK Cooper,39,22,4,2,177.27
2013,KK Nair,9,12,0,0,75.0
2013,KL Rahul,20,16,4,0,125.0
2013,KM Jadhav,152,127,8,5,119.69
2013,KV Sharma,85,89,6,2,95.51
2013,KW Richardson,34,36,2,1,94.44
2013,L Balaji,9,10,1,0,90.0
2013,LA Pomersbach,58,60,5,1,96.67
2013,LJ Wright,106,63,16,3,168.25
2013,LR Shukla,3,13,0,0,23.08
2013,LRPL Taylor,63,77,2,1,81.82
2013,M Kartik,2,3,0,0,66.67
2013,M Manhas,13,17,1,0,76.47
2013,M Morkel,57,30,6,3,190.0
2013,M Rawat,5,11,0,0,45.45
2013,M Vijay,312,293,27,8,106.48
2013,M Vohra,161,117,22,2,137.61
2013,MA Agarwal,67,64,6,3,104.69
2013,MC Henriques,165,127,20,3,129.92
2013,MC Juneja,125,134,11,1,93.28
2013,MDKJ Perera,14,13,3,0,107.69
2013,MEK Hussey,733,580,81,17,126.38
2013,MG Johnson,39,37,2,2,105.41
2013,MK Pandey,136,139,11,3,97.84
2013,MK Tiwary,146,142,12,1,102.82
2013,MM Sharma,0,5,0,0,0.0
2013,MN Samuels,8,18,1,0,44.44
2013,MR Marsh,140,109,6,10,128.44
2013,MS Bisla,255,248,36,6,102.82
2013,MS Dhoni,461,298,32,25,154.7
2013,MS Gony,45,27,4,3,166.67
2013,Mandeep Singh,260,228,36,0,114.04
2013,Mohammed Shami,5,10,0,0,50.0
2013,NLTC Perera,235,173,12,14,135.84
2013,NM Coulter-Nile,9,6,0,1,150.0
2013,NV Ojha,9,10,1,0,90.0
2013,OA Shah,25,24,2,0,104.17
2013,P Awana,1,9,0,0,11.11
2013,P Dogra,5,8,0,0,62.5
2013,P Kumar,47,41,3,3,114.63
2013,PA Patel,294,261,37,4,112.64
2013,PA Reddy,91,104,9,0,87.5
2013,PC Valthaty,6,17,0,0,35.29
2013,PJ Sangwan,4,2,1,0,200.0
2013,PP Chawla,64,60,5,3,106.67
2013,PP Ojha,2,4,0,0,50.0
2013,PV Tambe,3,6,0,0,50.0
2013,Parvez Rasool,5,9,0,0,55.56
2013,Q de Kock,6,16,1,0,37.5
2013,R Ashwin,35,50,4,0,70.0
2013,R Bhatia,99,81,8,3,122.22
2013,R Dhawan,21,21,3,0,100.0
2013,R Dravid,471,433,64,5,108.78
2013,R McLaren,3,6,0,0,50.0
2013,R Rampaul,38,39,3,1,97.44
2013,R Sathish,109,79,9,5,137.97
2013,R Sharma,11,17,1,0,64.71
2013,R Shukla,1,2,0,0,50.0
2013,R Vinay Kumar,70,44,6,3,159.09
2013,RA Jadeja,201,139,17,6,144.6
2013,RE van der Merwe,22,25,2,0,88.0
2013,RG Sharma,538,415,35,28,129.64
2013,RJ Harris,2,5,0,0,40.0
2013,RN ten Doeschate,85,63,9,2,134.92
2013,RT Ponting,52,76,3,1,68.42
2013,RV Gomez,4,1,1,0,400.0
2013,RV Uthappa,434,385,42,12,112.73
2013,S Anirudha,0,2,0,0,0.0
2013,S Badrinath,124,123,11,0,100.81
2013,S Dhawan,311,262,37,5,118.7
2013,S Kaul,7,9,0,0,77.78
2013,S Nadeem,14,27,1,0,51.85
2013,S Narwal,23,16,4,0,143.75
2013,S Sreesanth,1,4,0,0,25.0
2013,SE Marsh,300,256,39,4,117.19
2013,SK Raina,548,370,50,18,148.11
2013,SK Trivedi,3,7,0,0,42.86
2013,SL Malinga,9,19,1,0,47.37
2013,SMSM Senanayake,10,17,0,0,58.82
2013,SP Narine,21,20,0,2,105.0
2013,SPD Smith,159,134,15,4,118.66
2013,SR Tendulkar,287,243,39,5,118.11
2013,SR Watson,543,393,59,22,138.17
2013,SS Tiwary,109,113,4,4,96.46
2013,STR Binny,293,204,25,12,143.63
2013,SV Samson,206,179,19,5,115.08
2013,SW Tait,1,3,0,0,33.33
2013,Sachin Baby,3,7,0,0,42.86
2013,Sandeep Sharma,0,1,0,0,0.0
2013,TL Suman,52,58,8,0,89.66
2013,TM Dilshan,76,97,12,0,78.35
2013,UA Birla,7,15,1,0,46.67
2013,UBT Chand,158,163,17,4,96.93
2013,UT Yadav,38,39,3,1,97.44
2013,V Kohli,639,471,65,22,135.67
2013,V Sehwag,295,244,41,6,120.9
2013,WD Parnell,5,7,0,0,71.43
2013,WP Saha,70,57,6,4,122.81
2013,X Thalaivan Sargunam,10,17,0,0,58.82
2013,YK Pathan,332,247,30,15,134.41
2013,Yuvraj Singh,238,193,14,15,123.32
2014,A Mishra,4,7,0,0,57.14
2014,AB Dinda,4,13,0,0,30.77
2014,AB de Villiers,395,255,26,24,154.9
2014,AD Russell,2,8,0,0,25.0
2014,AJ Finch,309,268,31,9,115.3
2014,AM Nayar,43,50,5,1,86.0
2014,AM Rahane,339,298,38,3,113.76
2014,AN Ahmed,4,1,1,0,400.0
2014,AP Tare,126,102,16,3,123.53
2014,AR Patel,62,61,6,1,101.64
2014,AT Rayudu,361,296,31,8,121.96
2014,Ankit Sharma,34,31,4,1,109.68
2014,B Kumar,1,4,0,0,25.0
2014,BB McCullum,405,341,32,19,118.77
2014,BCJ Cutting,8,6,0,1,133.33
2014,BE Hendricks,0,1,0,0,0.0
2014,BJ Hodge,101,74,4,6,136.49
2014,BR Dunk,40,36,7,0,111.11
2014,CA Lynn,58,52,5,3,111.54
2014,CA Pujara,125,129,17,0,96.9
2014,CH Gayle,196,188,18,12,104.26
2014,CJ Anderson,265,186,21,15,142.47
2014,CM Gautam,121,116,13,5,104.31
2014,DA Miller,446,307,34,21,145.28
2014,DA Warner,528,386,39,24,136.79
2014,DH Yagnik,4,6,0,0,66.67
2014,DJ Bravo,8,3,0,1,266.67
2014,DJ Hussey,116,96,8,6,120.83
2014,DJG Sammy,108,97,4,8,111.34
2014,DR Smith,566,425,50,34,133.18
2014,DS Kulkarni,35,27,1,2,129.63
2014,DW Steyn,22,26,1,0,84.62
2014,F du Plessis,303,240,26,7,126.25
2014,G Gambhir,335,301,36,4,111.3
2014,GJ Bailey,257,190,19,10,135.26
2014,GJ Maxwell,552,312,48,36,176.92
2014,HV Patel,13,7,1,1,185.71
2014,Harbhajan Singh,28,26,2,2,107.69
2014,IK Pathan,55,58,5,0,94.83
2014,Imran Tahir,8,10,2,0,80.0
2014,JA Morkel,45,41,1,3,109.76
2014,JD Unadkat,1,6,0,0,16.67
2014,JDS Neesham,42,46,3,1,91.3
2014,JH Kallis,151,131,13,4,115.27
2014,JJ Bumrah,1,4,0,0,25.0
2014,JO Holder,16,12,2,1,133.33
2014,JP Duminy,410,311,22,20,131.83
2014,JP Faulkner,181,99,8,16,182.83
2014,KA Pollard,273,208,15,15,131.25
2014,KD Karthik,325,261,28,11,124.52
2014,KK Cooper,39,28,2,3,139.29
2014,KK Nair,330,237,38,9,139.24
2014,KL Rahul,166,166,12,3,100.0
2014,KM Jadhav,149,104,13,7,143.27
2014,KP Pietersen,294,239,34,7,123.01
2014,KV Sharma,42,30,1,3,140.0
2014,KW Richardson,1,2,0,0,50.0
2014,Karanveer Singh,1,1,0,0,100.0
2014,L Balaji,1,3,0,0,33.33
2014,LMP Simmons,394,299,43,14,131.77
2014,LR Shukla,31,38,2,1,81.58
2014,LRPL Taylor,59,62,6,0,95.16
2014,M Manhas,35,26,3,1,134.62
2014,M Morkel,4,4,0,0,100.0
2014,M Vijay,207,197,20,5,105.08
2014,M Vohra,324,244,27,16,132.79
2014,M de Lange,1,2,0,0,50.0
2014,MA Agarwal,115,93,12,3,123.66
2014,MA Starc,85,84,9,0,101.19
2014,MC Henriques,9,14,1,0,64.29
2014,MEK Hussey,209,187,17,7,111.76
2014,MG Johnson,56,51,4,3,109.8
2014,MK Pandey,409,359,35,11,113.93
2014,MK Tiwary,152,123,14,4,123.58
2014,MM Sharma,1,3,0,0,33.33
2014,MS Bisla,3,9,0,0,33.33
2014,MS Dhoni,371,258,22,20,143.8
2014,Mandeep Singh,24,28,2,0,85.71
2014,Mohammed Shami,3,8,0,0,37.5
2014,NJ Maddinson,16,14,3,0,114.29
2014,NV Ojha,232,170,14,17,136.47
2014,P Kumar,1,2,0,0,50.0
2014,PA Patel,205,191,30,1,107.33
2014,PP Chawla,31,20,4,1,155.0
2014,PP Ojha,4,8,0,0,50.0
2014,PV Tambe,5,9,0,0,55.56
2014,Q de Kock,153,132,19,4,115.91
2014,R Ashwin,45,48,4,0,93.75
2014,R Bhatia,67,55,4,3,121.82
2014,R Dhawan,82,75,8,1,109.33
2014,R Rampaul,13,13,0,1,100.0
2014,R Shukla,18,21,2,0,85.71
2014,R Tewatia,16,13,0,1,123.08
2014,R Vinay Kumar,4,7,0,0,57.14
2014,RA Jadeja,146,113,9,5,129.2
2014,RG Sharma,390,307,31,16,127.04
2014,RN ten Doeschate,52,33,3,4,157.58
2014,RR Rossouw,39,41,2,2,95.12
2014,RV Uthappa,660,485,74,18,136.08
2014,S Anirudha,3,5,0,0,60.0
2014,S Dhawan,377,332,49,7,113.55
2014,S Gopal,11,10,1,0,110.0
2014,S Kaul,2,2,0,0,100.0
2014,S Nadeem,7,20,0,0,35.0
2014,S Rana,73,66,7,1,110.61
2014,SA Yadav,164,123,16,5,133.33
2014,SE Marsh,70,54,7,3,129.63
2014,SK Raina,523,370,51,19,141.35
2014,SL Malinga,2,4,0,0,50.0
2014,SP Narine,10,15,0,0,66.67
2014,SPD Smith,152,115,13,4,132.17
2014,SR Watson,246,205,20,14,120.0
2014,STR Binny,123,122,4,5,100.82
2014,SV Samson,339,280,25,17,121.07
2014,Sandeep Sharma,2,5,0,0,40.0
2014,Shakib Al Hasan,229,160,22,7,143.12
2014,Shivam Sharma,5,3,1,0,166.67
2014,TG Southee,4,4,1,0,100.0
2014,UBT Chand,2,10,0,0,20.0
2014,UT Yadav,2,4,0,0,50.0
2014,V Kohli,359,301,23,16,119.27
2014,V Sehwag,455,334,56,18,136.23
2014,VH Zol,29,26,3,1,111.54
2014,VR Aaron,35,34,2,1,102.94
2014,VS Malik,1,2,0,0,50.0
2014,WD Parnell,2,2,0,0,100.0
2014,WP Saha,362,255,33,18,141.96
2014,Y Venugopal Rao,71,65,8,0,109.23
2014,YK Pathan,268,168,15,20,159.52
2014,YS Chahal,1,2,0,0,50.0
2014,YV Takawale,104,92,17,1,113.04
2014,Yuvraj Singh,376,288,22,28,130.56
2014,Z Khan,8,7,0,1,114.29
2015,A Ashish Reddy,73,46,3,5,158.7
2015,A Mishra,8,13,0,0,61.54
2015,A Nehra,1,7,0,0,14.29
2015,AB de Villiers,513,302,60,22,169.87
2015,AD Mathews,144,109,12,6,132.11
2015,AD Russell,326,175,35,19,186.29
2015,AJ Finch,23,33,4,0,69.7
2015,AM Rahane,540,423,53,13,127.66
2015,AN Ahmed,10,5,2,0,200.0
2015,AP Tare,14,18,1,0,77.78
2015,AR Patel,206,181,13,8,113.81
2015,AT Rayudu,281,195,18,16,144.1
2015,Ankit Sharma,7,6,1,0,116.67
2015,Anureet Singh,18,31,0,1,58.06
2015,Azhar Mahmood,6,8,1,0,75.0
2015,B Kumar,17,10,2,1,170.0
2015,BB McCullum,436,293,51,23,148.81
2015,BE Hendricks,1,2,0,0,50.0
2015,Bipul Sharma,1,2,0,0,50.0
2015,CH Gayle,491,359,39,38,136.77
2015,CH Morris,76,47,3,5,161.7
2015,CJ Anderson,114,98,11,6,116.33
2015,CM Gautam,4,5,0,0,80.0
2015,D Wiese,122,90,12,4,135.56
2015,DA Miller,357,274,21,21,130.29
2015,DA Warner,562,368,65,21,152.72
2015,DJ Bravo,195,151,22,5,129.14
2015,DJ Hooda,151,99,6,11,152.53
2015,DJ Muthuswami,1,3,0,0,33.33
2015,DJG Sammy,13,18,0,0,72.22
2015,DR Smith,399,341,52,16,117.01
2015,DS Kulkarni,4,12,0,0,33.33
2015,DW Steyn,20,13,3,0,153.85
2015,EJG Morgan,187,154,11,11,121.43
2015,F du Plessis,380,317,37,5,119.87
2015,G Gambhir,327,288,41,4,113.54
2015,GB Hogg,7,6,0,0,116.67
2015,GH Vihari,39,36,6,0,108.33
2015,GJ Bailey,259,196,22,7,132.14
2015,GJ Maxwell,146,115,13,8,126.96
2015,Gurkeerat Singh,35,41,3,1,85.37
2015,HH Pandya,112,68,9,8,164.71
2015,HV Patel,19,14,0,2,135.71
2015,Harbhajan Singh,117,81,9,9,144.44
2015,Imran Tahir,5,6,0,0,83.33
2015,Iqbal Abdulla,20,20,4,0,100.0
2015,J Botha,31,15,5,1,206.67
2015,J Suchith,48,33,4,2,145.45
2015,J Theron,1,1,0,0,100.0
2015,JA Morkel,86,70,9,2,122.86
2015,JP Duminy,414,327,27,20,126.61
2015,JP Faulkner,144,116,12,5,124.14
2015,KA Pollard,419,270,28,28,155.19
2015,KD Karthik,141,120,15,4,117.5
2015,KK Nair,181,147,18,5,123.13
2015,KL Rahul,142,133,8,5,106.77
2015,KM Jadhav,189,143,16,7,132.17
2015,KS Williamson,31,29,1,1,106.9
2015,KV Sharma,104,87,3,6,119.54
2015,Karanveer Singh,11,16,1,0,68.75
2015,LMP Simmons,540,455,56,21,118.68
2015,M Morkel,4,3,0,0,133.33
2015,M Vijay,251,233,27,8,107.73
2015,M Vohra,82,83,4,5,98.8
2015,MA Agarwal,213,187,23,7,113.9
2015,MA Starc,11,14,1,0,78.57
2015,MC Henriques,287,216,19,13,132.87
2015,MEK Hussey,77,73,5,3,105.48
2015,MG Johnson,31,38,1,1,81.58
2015,MJ McClenaghan,13,6,0,2,216.67
2015,MK Pandey,225,187,22,7,120.32
2015,MK Tiwary,57,58,8,1,98.28
2015,MM Sharma,28,18,1,2,155.56
2015,MS Bisla,37,30,6,1,123.33
2015,MS Dhoni,372,309,27,17,120.39
2015,Mandeep Singh,157,102,17,6,153.92
2015,NJ Maddinson,4,7,1,0,57.14
2015,NLTC Perera,12,15,0,1,80.0
2015,NM Coulter-Nile,20,20,2,1,100.0
2015,NV Ojha,137,126,12,4,108.73
2015,P Kumar,17,25,1,0,68.0
2015,P Negi,116,77,10,5,150.65
2015,PA Patel,339,255,47,5,132.94
2015,PJ Cummins,0,2,0,0,0.0
2015,PP Chawla,54,49,5,2,110.2
2015,PV Tambe,3,5,0,0,60.0
2015,Parvez Rasool,2,2,0,0,100.0
2015,Q de Kock,122,78,18,4,156.41
2015,R Ashwin,52,34,6,1,152.94
2015,R Bhatia,0,1,0,0,0.0
2015,R Dhawan,36,33,2,2,109.09
2015,R Vinay Kumar,0,2,0,0,0.0
2015,RA Jadeja,132,128,7,3,103.12
2015,RG More,2,2,0,0,100.0
2015,RG Sharma,482,339,41,21,142.18
2015,RN ten Doeschate,61,45,4,3,135.56
2015,RR Rossouw,14,10,1,1,140.0
2015,RS Bopara,145,121,6,6,119.83
2015,RV Uthappa,364,287,42,7,126.83
2015,S Aravind,0,1,0,0,0.0
2015,S Dhawan,353,293,45,6,120.48
2015,S Gopal,1,1,0,0,100.0
2015,S Nadeem,2,7,0,0,28.57
2015,SA Abbott,15,13,1,1,115.38
2015,SA Yadav,157,115,12,8,136.52
2015,SE Marsh,93,65,10,3,143.08
2015,SK Raina,374,319,31,16,117.24
2015,SL Malinga,6,11,1,0,54.55
2015,SN Khan,111,72,12,2,154.17
2015,SN Thakur,7,6,1,0,116.67
2015,SP Narine,0,1,0,0,0.0
2015,SPD Smith,298,228,34,3,130.7
2015,SR Watson,347,270,37,14,128.52
2015,SS Iyer,439,360,41,21,121.94
2015,SS Tiwary,109,83,9,5,131.33
2015,STR Binny,74,69,7,1,107.25
2015,SV Samson,204,166,16,8,122.89
2015,Sandeep Sharma,9,14,1,0,64.29
2015,Shakib Al Hasan,36,32,5,0,112.5
2015,TG Southee,13,9,1,0,144.44
2015,UBT Chand,102,89,13,2,114.61
2015,UT Yadav,29,16,5,1,181.25
2015,V Kohli,505,395,35,23,127.85
2015,V Sehwag,99,89,12,3,111.24
2015,VR Aaron,6,3,0,1,200.0
2015,WP Saha,249,205,16,10,121.46
2015,YK Pathan,312,243,29,12,128.4
2015,YS Chahal,1,1,0,0,100.0
2015,Yuvraj Singh,248,215,23,10,115.35
2016,A Ashish Reddy,47,30,2,4,156.67
2016,A Mishra,4,14,0,0,28.57
2016,A Nehra,1,1,0,0,100.0
2016,A Zampa,0,1,0,0,0.0
2016,AB de Villiers,687,415,57,37,165.54
2016,AD Nath,20,27,1,0,74.07
2016,AD Russell,188,125,10,15,150.4
2016,AJ Finch,393,311,45,11,126.37
2016,AM Rahane,480,387,54,9,124.03
2016,AP Tare,8,15,1,0,53.33
2016,AR Patel,111,81,4,8,137.04
2016,AT Rayudu,334,284,28,12,117.61
2016,Ankit Sharma,3,3,0,0,100.0
2016,B Kumar,43,28,6,1,153.57
2016,BB McCullum,354,273,38,16,129.67
2016,BB Sran,4,4,0,0,100.0
2016,BCJ Cutting,65,37,4,6,175.68
2016,Bipul Sharma,51,25,1,5,204.0
2016,C Munro,30,31,3,0,96.77
2016,CA Lynn,25,23,0,1,108.7
2016,CH Gayle,227,159,17,21,142.77
2016,CH Morris,195,114,15,12,171.05
2016,CJ Jordan,3,4,0,0,75.0
2016,CR Brathwaite,83,40,6,8,207.5
2016,D Wiese,5,4,0,0,125.0
2016,DA Miller,161,139,11,4,115.83
2016,DA Warner,848,579,88,31,146.46
2016,DJ Bravo,99,88,11,1,112.5
2016,DJ Hooda,144,125,9,5,115.2
2016,DR Smith,324,226,35,16,143.36
2016,DS Kulkarni,27,16,3,0,168.75
2016,DW Steyn,1,2,0,0,50.0
2016,EJG Morgan,123,105,8,4,117.14
2016,ER Dwivedi,24,15,2,2,160.0
2016,F Behardien,14,13,2,0,107.69
2016,F du Plessis,206,169,17,9,121.89
2016,G Gambhir,501,424,54,6,118.16
2016,GJ Bailey,84,99,9,2,84.85
2016,GJ Maxwell,179,129,14,8,138.76
2016,Gurkeerat Singh,113,87,11,3,129.89
2016,HH Pandya,44,66,4,0,66.67
2016,HM Amla,157,122,20,4,128.69
2016,Harbhajan Singh,92,91,11,2,101.1
2016,IK Pathan,11,14,0,0,78.57
2016,Imran Tahir,5,7,1,0,71.43
2016,Iqbal Abdulla,37,27,4,1,137.04
2016,Ishan Kishan,42,41,5,0,102.44
2016,J Yadav,6,12,0,0,50.0
2016,JA Morkel,16,9,0,2,177.78
2016,JC Buttler,255,189,23,11,134.92
2016,JJ Bumrah,8,11,1,0,72.73
2016,JO Holder,22,20,2,1,110.0
2016,JP Duminy,191,157,13,3,121.66
2016,JP Faulkner,77,60,7,0,128.33
2016,KA Pollard,207,156,11,16,132.69
2016,KC Cariappa,13,11,0,1,118.18
2016,KD Karthik,335,273,38,3,122.71
2016,KH Pandya,237,127,22,13,186.61
2016,KJ Abbott,13,8,0,1,162.5
2016,KK Nair,357,304,40,6,117.43
2016,KL Rahul,397,277,37,16,143.32
2016,KM Jadhav,42,33,2,2,127.27
2016,KP Pietersen,73,61,4,3,119.67
2016,KS Williamson,124,126,14,0,98.41
2016,KV Sharma,36,34,3,1,105.88
2016,KW Richardson,1,1,0,0,100.0
2016,LMP Simmons,8,8,0,1,100.0
2016,M Ashwin,0,1,0,0,0.0
2016,M Morkel,1,1,0,0,100.0
2016,M Vijay,453,373,50,10,121.45
2016,M Vohra,161,136,19,3,118.38
2016,MA Agarwal,27,26,3,1,103.85
2016,MC Henriques,182,162,15,6,112.35
2016,MG Johnson,5,14,0,0,35.71
2016,MJ Guptill,57,55,3,3,103.64
2016,MJ McClenaghan,34,23,2,3,147.83
2016,MK Pandey,248,190,17,9,130.53
2016,MM Sharma,32,27,3,1,118.52
2016,MP Stoinis,146,111,13,4,131.53
2016,MR Marsh,7,11,0,0,63.64
2016,MS Dhoni,284,220,18,14,129.09
2016,Mohammed Shami,2,4,0,0,50.0
2016,N Rana,104,78,7,8,133.33
2016,NLTC Perera,150,97,7,11,154.64
2016,NM Coulter-Nile,9,14,1,0,64.29
2016,NS Naik,23,33,1,0,69.7
2016,NV Ojha,136,142,7,5,95.77
2016,P Kumar,24,27,3,0,88.89
2016,P Negi,57,63,2,3,90.48
2016,P Sahu,19,13,1,1,146.15
2016,PA Patel,177,161,23,4,109.94
2016,PP Chawla,27,26,4,0,103.85
2016,PSP Handscomb,6,12,0,0,50.0
2016,PV Tambe,7,19,1,0,36.84
2016,Parvez Rasool,10,9,1,0,111.11
2016,Q de Kock,445,340,52,13,130.88
2016,R Ashwin,41,38,3,1,107.89
2016,R Bhatia,34,20,1,2,170.0
2016,R Dhawan,14,6,0,1,233.33
2016,R Sathish,24,24,1,1,100.0
2016,R Vinay Kumar,13,12,0,1,108.33
2016,RA Jadeja,191,189,14,4,101.06
2016,RG Sharma,489,372,49,17,131.45
2016,RR Pant,198,155,19,6,127.74
2016,RV Uthappa,394,300,45,8,131.33
2016,S Dhawan,501,438,51,8,114.38
2016,S Gopal,2,16,0,0,12.5
2016,S Kaushik,0,1,0,0,0.0
2016,S Nadeem,1,5,0,0,20.0
2016,SA Yadav,182,148,18,5,122.97
2016,SB Jakati,1,2,0,0,50.0
2016,SE Marsh,159,134,13,4,118.66
2016,SK Raina,399,321,39,10,124.3
2016,SN Khan,66,31,7,4,212.9
2016,SP Narine,7,14,0,0,50.0
2016,SPD Smith,270,184,27,8,146.74
2016,SR Watson,179,135,14,12,132.59
2016,SS Iyer,30,46,2,1,65.22
2016,SS Tiwary,170,149,17,4,114.09
2016,STR Binny,63,41,5,4,153.66
2016,SV Samson,291,265,20,8,109.81
2016,SW Billings,88,66,4,4,133.33
2016,Sachin Baby,119,82,9,5,145.12
2016,Sandeep Sharma,8,9,0,0,88.89
2016,Shakib Al Hasan,114,108,7,5,105.56
2016,Swapnil Singh,0,1,0,0,0.0
2016,TG Southee,30,20,1,2,150.0
2016,TM Head,54,42,3,2,128.57
2016,UBT Chand,0,5,0,0,0.0
2016,UT Khawaja,127,105,14,3,120.95
2016,UT Yadav,9,6,0,1,150.0
2016,V Kohli,973,655,84,38,148.55
2016,WP Saha,270,214,29,1,126.17
2016,YK Pathan,361,256,33,13,141.02
2016,Yuvraj Singh,236,183,22,13,128.96
2016,Z Khan,6,13,1,0,46.15
2017,A Choudhary,25,20,1,1,125.0
2017,A Mishra,49,56,2,2,87.5
2017,A Zampa,5,7,1,0,71.43
2017,AB Dinda,7,8,1,0,87.5
2017,AB de Villiers,216,171,12,16,126.32
2017,AD Mathews,32,28,2,1,114.29
2017,AD Nath,0,1,0,0,0.0
2017,AF Milne,7,12,0,0,58.33
2017,AJ Finch,300,190,25,19,157.89
2017,AJ Tye,53,30,4,3,176.67
2017,AM Rahane,382,328,35,9,116.46
2017,AP Tare,18,25,3,0,72.0
2017,AR Bawne,12,12,1,0,100.0
2017,AR Patel,227,171,11,11,132.75
2017,AS Rajpoot,4,7,1,0,57.14
2017,AT Rayudu,91,80,7,3,113.75
2017,Ankit Sharma,25,16,2,1,156.25
2017,Ankit Soni,7,9,0,1,77.78
2017,Anureet Singh,15,12,2,0,125.0
2017,B Kumar,4,4,0,0,100.0
2017,BA Stokes,316,227,22,15,139.21
2017,BB McCullum,320,227,29,18,140.97
2017,BCJ Cutting,51,27,5,3,188.89
2017,Basil Thampi,28,30,1,1,93.33
2017,Bipul Sharma,31,25,2,1,124.0
2017,C de Grandhomme,126,92,10,6,136.96
2017,CA Lynn,295,175,25,19,168.57
2017,CH Gayle,200,172,15,14,116.28
2017,CH Morris,154,97,15,6,158.76
2017,CJ Anderson,142,130,8,9,109.23
2017,CJ Jordan,0,1,0,0,0.0
2017,CR Brathwaite,12,16,2,0,75.0
2017,CR Woakes,46,47,4,1,97.87
2017,DA Miller,83,82,4,4,101.22
2017,DA Warner,641,462,63,26,138.74
2017,DJ Hooda,78,53,5,4,147.17
2017,DL Chahar,14,6,0,2,233.33
2017,DM Bravo,6,5,1,0,120.0
2017,DR Smith,239,158,32,8,151.27
2017,DS Kulkarni,1,2,0,0,50.0
2017,DT Christian,79,52,5,5,151.92
2017,EJG Morgan,65,62,6,2,104.84
2017,F du Plessis,8,7,1,0,114.29
2017,G Gambhir,498,405,62,7,122.96
2017,GJ Maxwell,310,186,20,26,166.67
2017,HH Pandya,250,172,11,20,145.35
2017,HM Amla,420,296,40,17,141.89
2017,Harbhajan Singh,16,17,0,1,94.12
2017,I Sharma,8,13,1,0,61.54
2017,IK Pathan,2,3,0,0,66.67
2017,IR Jaggi,33,40,3,0,82.5
2017,Imran Tahir,0,2,0,0,0.0
2017,Iqbal Abdulla,5,7,0,0,71.43
2017,Ishan Kishan,277,214,29,13,129.44
2017,JC Buttler,273,186,27,15,146.77
2017,JD Unadkat,2,5,0,0,40.0
2017,JJ Bumrah,16,12,0,1,133.33
2017,JJ Roy,59,41,9,1,143.9
2017,JP Faulkner,54,60,4,0,90.0
2017,K Rabada,55,68,5,1,80.88
2017,KA Pollard,395,294,27,23,134.35
2017,KC Cariappa,2,7,0,0,28.57
2017,KD Karthik,361,268,30,11,134.7
2017,KH Pandya,243,186,24,7,130.65
2017,KK Nair,281,229,39,6,122.71
2017,KM Jadhav,267,194,25,10,137.63
2017,KS Williamson,256,170,20,10,150.59
2017,KV Sharma,49,42,5,2,116.67
2017,Kuldeep Yadav,20,22,2,0,90.91
2017,LH Ferguson,1,1,0,0,100.0
2017,LMP Simmons,137,116,10,8,118.1
2017,M Vohra,229,170,23,9,134.71
2017,MA Agarwal,26,29,3,0,89.66
2017,MC Henriques,277,205,28,4,135.12
2017,MG Johnson,20,17,1,1,117.65
2017,MJ Guptill,132,88,17,5,150.0
2017,MJ McClenaghan,16,16,0,1,100.0
2017,MK Pandey,396,315,28,12,125.71
2017,MK Tiwary,324,242,31,11,133.88
2017,MM Patel,0,1,0,0,0.0
2017,MM Sharma,51,51,4,1,100.0
2017,MN Samuels,29,32,1,2,90.62
2017,MP Stoinis,17,25,1,0,68.0
2017,MS Dhoni,290,261,15,16,111.11
2017,Mandeep Singh,188,178,21,4,105.62
2017,Mohammad Nabi,2,3,0,0,66.67
2017,Mohammed Shami,36,24,4,2,150.0
2017,N Rana,333,277,24,17,120.22
2017,NM Coulter-Nile,14,13,0,2,107.69
2017,NV Ojha,79,70,2,3,112.86
2017,P Kumar,8,9,0,0,88.89
2017,P Negi,144,114,10,7,126.32
2017,PA Patel,395,308,49,8,128.25
2017,PJ Cummins,77,54,5,4,142.59
2017,PJ Sangwan,2,4,0,0,50.0
2017,PP Chawla,2,6,0,0,33.33
2017,R Bhatia,16,17,0,1,94.12
2017,R Tewatia,19,11,4,0,172.73
2017,RA Jadeja,158,118,13,4,133.9
2017,RA Tripathi,391,275,43,17,142.18
2017,RD Chahar,3,2,0,0,150.0
2017,RG Sharma,333,278,31,9,119.78
2017,RR Pant,366,226,28,24,161.95
2017,RV Uthappa,388,239,36,21,162.34
2017,Rashid Khan,11,9,0,1,122.22
2017,S Aravind,32,40,2,0,80.0
2017,S Badree,13,25,0,0,52.0
2017,S Dhawan,479,383,53,9,125.07
2017,S Kaul,0,2,0,0,0.0
2017,S Nadeem,2,9,0,0,22.22
2017,SA Yadav,105,89,8,3,117.98
2017,SE Marsh,264,198,36,5,133.33
2017,SK Raina,442,310,42,13,142.58
2017,SL Malinga,7,3,0,1,233.33
2017,SN Thakur,0,3,0,0,0.0
2017,SP Jackson,38,31,5,0,122.58
2017,SP Narine,224,135,34,10,165.93
2017,SPD Smith,472,400,38,12,118.0
2017,SR Watson,71,80,6,1,88.75
2017,SS Iyer,338,249,36,10,135.74
2017,SS Tiwary,52,46,9,0,113.04
2017,STR Binny,78,77,6,3,101.3
2017,SV Samson,386,275,32,19,140.36
2017,SW Billings,138,107,19,1,128.97
2017,Sachin Baby,15,17,2,0,88.24
2017,Sandeep Sharma,7,7,0,0,100.0
2017,Shakib Al Hasan,1,1,0,0,100.0
2017,Swapnil Singh,12,19,0,0,63.16
2017,TA Boult,5,8,0,0,62.5
2017,TG Southee,7,3,0,1,233.33
2017,TM Head,151,109,9,6,138.53
2017,TS Mills,8,11,0,1,72.73
2017,UT Yadav,10,13,0,0,76.92
2017,V Kohli,308,257,23,11,119.84
2017,V Shankar,101,77,12,1,131.17
2017,VR Aaron,4,11,0,0,36.36
2017,Vishnu Vinod,19,26,1,1,73.08
2017,WP Saha,234,194,20,8,120.62
2017,Washington Sundar,9,12,0,0,75.0
2017,YK Pathan,143,123,9,6,116.26
2017,YS Chahal,13,26,0,0,50.0
2017,Yuvraj Singh,252,188,30,8,134.04
2017,Z Khan,4,13,0,0,30.77
2018,A Dananjaya,4,5,0,0,80.0
2018,A Mishra,1,2,0,0,50.0
2018,AB de Villiers,480,280,39,30,171.43
2018,AD Hales,148,119,13,6,124.37
2018,AD Nath,9,13,1,0,69.23
2018,AD Russell,316,179,17,31,176.54
2018,AJ Finch,134,102,6,8,131.37
2018,AJ Tye,32,40,2,1,80.0
2018,AM Rahane,370,321,39,5,115.26
2018,AR Patel,80,71,3,4,112.68
2018,AS Rajpoot,11,18,1,0,61.11
2018,AT Rayudu,602,410,53,34,146.83
2018,Abhishek Sharma,63,35,3,5,180.0
2018,Anureet Singh,3,4,0,0,75.0
2018,B Kumar,13,18,1,0,72.22
2018,B Laughlin,1,4,0,0,25.0
2018,B Stanlake,5,2,1,0,250.0
2018,BA Stokes,196,166,13,6,118.07
2018,BB McCullum,127,91,16,6,139.56
2018,BB Sran,3,7,0,0,42.86
2018,BCJ Cutting,96,59,5,8,162.71
2018,Basil Thampi,3,6,0,0,50.0
2018,C Munro,63,41,7,4,153.66
2018,C de Grandhomme,131,87,4,10,150.57
2018,CA Lynn,491,382,56,18,128.53
2018,CH Gayle,368,261,30,27,141.0
2018,CH Morris,46,26,3,2,176.92
2018,CJ Anderson,17,22,0,1,77.27
2018,CR Brathwaite,75,54,1,8,138.89
2018,CR Woakes,17,19,1,1,89.47
2018,DA Miller,74,66,3,2,112.12
2018,DJ Bravo,141,93,8,10,151.61
2018,DJ Hooda,87,86,2,3,101.16
2018,DJM Short,115,102,11,5,112.75
2018,DL Chahar,50,30,1,4,166.67
2018,DR Shorey,8,9,0,1,88.89
2018,DS Kulkarni,6,7,0,0,85.71
2018,DT Christian,26,33,0,1,78.79
2018,E Lewis,382,290,32,24,131.72
2018,F du Plessis,162,130,17,6,124.62
2018,G Gambhir,85,91,8,1,93.41
2018,GJ Maxwell,169,122,14,9,138.52
2018,H Klaasen,57,48,5,1,118.75
2018,HH Pandya,260,205,20,11,126.83
2018,HV Patel,60,33,1,6,181.82
2018,Harbhajan Singh,29,38,3,1,76.32
2018,IS Sodhi,1,6,0,0,16.67
2018,Imran Tahir,2,2,0,0,100.0
2018,Ishan Kishan,275,187,22,17,147.06
2018,JC Archer,15,21,2,0,71.43
2018,JC Buttler,548,365,52,21,150.14
2018,JD Unadkat,49,38,6,1,128.95
2018,JJ Bumrah,10,11,1,0,90.91
2018,JJ Roy,120,98,9,7,122.45
2018,JP Duminy,36,46,3,1,78.26
2018,JPR Scantlebury-Searles,8,6,0,1,133.33
2018,K Gowtham,126,67,9,9,188.06
2018,KA Pollard,133,104,10,7,127.88
2018,KD Karthik,498,349,49,16,142.69
2018,KH Pandya,228,164,22,10,139.02
2018,KK Nair,301,225,23,13,133.78
2018,KL Rahul,659,426,66,32,154.69
2018,KM Jadhav,24,23,1,2,104.35
2018,KS Williamson,735,522,64,28,140.8
2018,Kuldeep Yadav,12,25,1,0,48.0
2018,LE Plunkett,1,3,0,0,33.33
2018,M Ashwin,1,2,0,0,50.0
2018,M Markande,21,25,2,0,84.0
2018,M Prasidh Krishna,1,5,0,0,20.0
2018,M Vijay,12,11,0,1,109.09
2018,M Vohra,55,50,2,4,110.0
2018,MA Agarwal,120,94,9,5,127.66
2018,MA Wood,1,5,0,0,20.0
2018,MG Johnson,16,11,2,0,145.45
2018,MJ McClenaghan,11,12,1,1,91.67
2018,MK Lomror,20,21,1,0,95.24
2018,MK Pandey,284,257,22,5,110.51
2018,MK Tiwary,47,45,4,1,104.44
2018,MM Ali,77,46,4,6,167.39
2018,MM Sharma,10,14,1,0,71.43
2018,MP Stoinis,99,78,6,4,126.92
2018,MS Dhoni,455,321,24,30,141.74
2018,Mandeep Singh,252,193,16,11,130.57
2018,Mohammad Nabi,18,12,3,0,150.0
2018,Mohammed Shami,7,6,1,0,116.67
2018,Mohammed Siraj,25,23,2,1,108.7
2018,Mujeeb Ur Rahman,10,7,2,0,142.86
2018,Mustafizur Rahman,1,3,0,0,33.33
2018,N Rana,304,238,26,14,127.73
2018,NV Ojha,1,4,0,0,25.0
2018,P Chopra,8,6,2,0,133.33
2018,P Negi,3,5,0,0,60.0
2018,PA Patel,153,109,20,4,140.37
2018,PJ Sangwan,0,5,0,0,0.0
2018,PP Chawla,27,36,1,1,75.0
2018,PP Shaw,245,165,27,10,148.48
2018,Q de Kock,201,164,20,8,122.56
2018,R Ashwin,102,76,7,5,134.21
2018,R Tewatia,50,47,5,1,106.38
2018,R Vinay Kumar,6,4,1,0,150.0
2018,RA Jadeja,89,80,3,4,111.25
2018,RA Tripathi,226,173,18,8,130.64
2018,RG Sharma,286,223,25,12,128.25
2018,RK Bhui,0,5,0,0,0.0
2018,RK Singh,29,34,4,0,85.29
2018,RR Pant,684,412,68,37,166.02
2018,RV Uthappa,351,274,30,21,128.1
2018,Rashid Khan,59,32,3,6,184.38
2018,S Dhawan,497,379,59,14,131.13
2018,S Gopal,50,47,5,0,106.38
2018,S Kaul,3,14,0,0,21.43
2018,S Nadeem,6,8,0,0,75.0
2018,SA Yadav,512,391,61,16,130.95
2018,SK Raina,445,354,46,12,125.71
2018,SN Khan,51,43,7,1,118.6
2018,SN Thakur,15,5,3,0,300.0
2018,SP Goswami,52,42,6,1,123.81
2018,SP Narine,357,198,40,23,180.3
2018,SR Watson,555,368,44,35,150.82
2018,SS Iyer,411,317,29,21,129.65
2018,STR Binny,44,39,2,2,112.82
2018,SV Samson,441,325,30,19,135.69
2018,SW Billings,108,78,8,5,138.46
2018,Sandeep Sharma,0,4,0,0,0.0
2018,Shakib Al Hasan,239,203,26,5,117.73
2018,Shivam Mavi,13,15,1,0,86.67
2018,Shubman Gill,203,142,22,5,142.96
2018,TA Boult,0,2,0,0,0.0
2018,TG Southee,52,46,5,1,113.04
2018,TK Curran,23,28,3,0,82.14
2018,UT Yadav,3,12,0,0,25.0
2018,V Kohli,530,385,52,18,137.66
2018,V Shankar,212,156,11,11,135.9
2018,WP Saha,122,108,17,1,112.96
2018,Washington Sundar,65,40,5,4,162.5
2018,YK Pathan,260,211,22,11,123.22
2018,YS Chahal,0,4,0,0,0.0
2018,Yuvraj Singh,65,74,6,2,87.84
2019,A Mishra,21,26,2,0,80.77
2019,AB de Villiers,442,294,31,26,150.34
2019,AD Nath,61,58,5,2,105.17
2019,AD Russell,514,274,32,52,187.59
2019,AJ Turner,3,11,0,0,27.27
2019,AJ Tye,0,2,0,0,0.0
2019,AM Rahane,393,289,45,9,135.99
2019,AR Patel,110,90,10,3,122.22
2019,AS Joseph,15,13,2,0,115.38
2019,AT Rayudu,282,307,20,7,91.86
2019,Abhishek Sharma,9,10,1,0,90.0
2019,Avesh Khan,4,3,1,0,133.33
2019,B Kumar,12,19,1,0,63.16
2019,BA Stokes,123,100,8,4,123.0
2019,BB Sran,3,3,0,0,100.0
2019,BCJ Cutting,18,17,1,1,105.88
2019,Basil Thampi,1,1,0,0,100.0
2019,C Munro,84,72,9,4,116.67
2019,C de Grandhomme,46,50,4,2,92.0
2019,CA Ingram,184,157,20,5,117.2
2019,CA Lynn,405,296,41,22,136.82
2019,CH Gayle,490,338,45,34,144.97
2019,CH Morris,32,38,1,2,84.21
2019,CR Brathwaite,11,10,1,0,110.0
2019,DA Miller,213,174,19,7,122.41
2019,DA Warner,692,496,57,21,139.52
2019,DJ Bravo,80,68,6,3,117.65
2019,DJ Hooda,64,68,5,1,94.12
2019,DL Chahar,7,10,1,0,70.0
2019,DR Shorey,5,11,0,0,45.45
2019,DS Kulkarni,5,3,1,0,166.67
2019,E Lewis,48,53,4,2,90.57
2019,F du Plessis,396,326,36,15,121.47
2019,GC Viljoen,3,7,0,0,42.86
2019,GH Vihari,4,8,0,0,50.0
2019,Gurkeerat Singh,98,73,11,2,134.25
2019,H Klaasen,9,10,0,0,90.0
2019,HF Gurney,1,5,0,0,20.0
2019,HH Pandya,409,225,28,30,181.78
2019,HV Patel,0,3,0,0,0.0
2019,Harbhajan Singh,1,3,0,0,33.33
2019,Harpreet Brar,20,14,2,1,142.86
2019,I Sharma,10,3,1,1,333.33
2019,IS Sodhi,6,12,0,0,50.0
2019,Ishan Kishan,101,104,8,4,97.12
2019,J Suchith,6,15,0,0,40.0
2019,JC Archer,67,41,4,4,163.41
2019,JC Buttler,311,213,38,14,146.01
2019,JD Unadkat,1,3,0,0,33.33
2019,JJ Bumrah,0,1,0,0,0.0
2019,JL Denly,0,1,0,0,0.0
2019,JM Bairstow,445,292,48,18,152.4
2019,K Gowtham,18,19,1,1,94.74
2019,K Rabada,14,15,0,1,93.33
2019,KA Pollard,281,186,14,22,151.08
2019,KC Cariappa,9,3,0,1,300.0
2019,KD Karthik,254,180,22,14,141.11
2019,KH Pandya,183,158,18,5,115.82
2019,KK Ahmed,0,1,0,0,0.0
2019,KK Nair,5,6,0,0,83.33
2019,KL Rahul,593,447,49,25,132.66
2019,KM Jadhav,162,172,19,3,94.19
2019,KMA Paul,18,26,1,1,69.23
2019,KS Williamson,156,134,12,5,116.42
2019,Kuldeep Yadav,12,8,1,0,150.0
2019,LS Livingstone,70,48,6,5,145.83
2019,M Ashwin,3,5,0,0,60.0
2019,M Markande,6,5,1,0,120.0
2019,M Prasidh Krishna,0,2,0,0,0.0
2019,M Vijay,64,61,6,1,104.92
2019,MA Agarwal,332,241,26,14,137.76
2019,MJ Guptill,82,54,4,7,151.85
2019,MJ McClenaghan,11,16,2,0,68.75
2019,MJ Santner,32,25,0,3,128.0
2019,MK Lomror,8,3,2,0,266.67
2019,MK Pandey,345,268,34,6,128.73
2019,MM Ali,220,137,16,17,160.58
2019,MM Sharma,0,2,0,0,0.0
2019,MP Stoinis,211,159,14,10,132.7
2019,MS Dhoni,416,317,22,23,131.23
2019,Mandeep Singh,165,122,10,4,135.25
2019,Mohammad Nabi,121,81,8,8,149.38
2019,Mohammed Shami,1,2,0,0,50.0
2019,Mohammed Siraj,4,15,0,0,26.67
2019,Mujeeb Ur Rahman,0,4,0,0,0.0
2019,N Pooran,168,110,10,14,152.73
2019,N Rana,344,240,27,21,143.33
2019,NS Naik,7,17,1,0,41.18
2019,Navdeep Saini,2,4,0,0,50.0
2019,P Negi,9,12,1,0,75.0
2019,P Ray Barman,19,25,2,0,76.0
2019,P Simran Singh,16,18,1,1,88.89
2019,PA Patel,373,273,48,10,136.63
2019,PP Chawla,42,38,4,2,110.53
2019,PP Shaw,353,270,45,9,130.74
2019,Q de Kock,529,404,45,25,130.94
2019,R Ashwin,42,28,3,3,150.0
2019,R Parag,160,133,17,5,120.3
2019,R Tewatia,26,22,2,1,118.18
2019,RA Jadeja,106,94,7,4,112.77
2019,RA Tripathi,141,122,13,2,115.57
2019,RD Chahar,12,11,2,0,109.09
2019,RG Sharma,405,319,52,10,126.96
2019,RK Bhui,7,13,0,0,53.85
2019,RK Singh,37,34,1,2,108.82
2019,RR Pant,494,311,37,27,158.84
2019,RV Uthappa,284,256,28,10,110.94
2019,Rashid Khan,34,26,2,2,130.77
2019,Rasikh Salam,5,4,0,0,125.0
2019,S Dhawan,521,391,64,11,133.25
2019,S Dube,40,33,1,3,121.21
2019,S Gopal,63,46,8,1,136.96
2019,S Kaul,0,1,0,0,0.0
2019,S Lamichhane,0,1,0,0,0.0
2019,SA Yadav,424,327,45,10,129.66
2019,SD Lad,15,13,1,1,115.38
2019,SE Rutherford,73,55,2,7,132.73
2019,SK Raina,383,321,45,9,119.31
2019,SM Curran,95,55,13,3,172.73
2019,SN Khan,180,145,19,4,124.14
2019,SN Thakur,14,7,1,1,200.0
2019,SO Hetmyer,90,76,4,7,118.42
2019,SP Narine,143,90,17,9,158.89
2019,SPD Smith,319,283,30,4,112.72
2019,SR Watson,398,321,42,20,123.99
2019,SS Iyer,467,399,42,14,117.04
2019,STR Binny,70,42,5,4,166.67
2019,SV Samson,342,238,28,13,143.7
2019,SW Billings,0,5,0,0,0.0
2019,Sandeep Sharma,6,4,1,0,150.0
2019,Shakib Al Hasan,9,11,0,0,81.82
2019,Shubman Gill,296,242,21,10,122.31
2019,TA Boult,7,4,0,1,175.0
2019,TG Southee,9,9,0,0,100.0
2019,UT Yadav,25,26,3,1,96.15
2019,V Kohli,464,332,46,13,139.76
2019,V Shankar,244,196,11,12,124.49
2019,VR Aaron,3,7,0,0,42.86
2019,WP Saha,86,55,13,1,156.36
2019,Washington Sundar,1,4,0,0,25.0
2019,Y Prithvi Raj,0,1,0,0,0.0
2019,YK Pathan,40,47,1,1,85.11
2019,YS Chahal,6,16,0,0,37.5
2019,Yuvraj Singh,98,83,7,6,118.07
2020/21,A Nortje,7,6,0,0,116.67
2020/21,AB de Villiers,460,296,34,23,155.41
2020/21,AD Russell,117,82,9,9,142.68
2020/21,AJ Finch,268,254,28,8,105.51
2020/21,AJ Tye,6,7,0,1,85.71
2020/21,AM Rahane,113,113,12,2,100.0
2020/21,AR Patel,117,90,6,8,130.0
2020/21,AS Rajpoot,9,10,0,1,90.0
2020/21,AT Carey,32,29,0,1,110.34
2020/21,AT Rayudu,359,289,30,12,124.22
2020/21,Abdul Samad,113,68,8,6,166.18
2020/21,Abhishek Sharma,71,59,6,3,120.34
2020/21,Arshdeep Singh,0,3,0,0,0.0
2020/21,B Kumar,0,2,0,0,0.0
2020/21,BA Stokes,285,207,36,7,137.68
2020/21,CH Gayle,295,225,15,24,131.11
2020/21,CH Morris,34,21,2,3,161.9
2020/21,CJ Jordan,29,33,2,0,87.88
2020/21,CV Varun,10,16,0,0,62.5
2020/21,D Padikkal,473,398,51,8,118.84
2020/21,DA Warner,548,423,52,14,129.55
2020/21,DJ Bravo,7,6,0,0,116.67
2020/21,DJ Hooda,102,74,5,5,137.84
2020/21,DL Chahar,7,12,0,0,58.33
2020/21,DR Sams,0,2,0,0,0.0
2020/21,DS Kulkarni,3,2,0,0,150.0
2020/21,DW Steyn,1,2,0,0,50.0
2020/21,EJG Morgan,419,314,32,24,133.44
2020/21,F du Plessis,449,329,42,14,136.47
2020/21,GJ Maxwell,108,112,9,0,96.43
2020/21,Gurkeerat Singh,71,83,8,0,85.54
2020/21,HH Pandya,283,167,14,25,169.46
2020/21,HV Patel,21,25,2,0,84.0
2020/21,I Udana,15,11,1,1,136.36
2020/21,Imran Tahir,13,10,2,0,130.0
2020/21,Ishan Kishan,516,361,36,30,142.94
2020/21,JC Archer,113,66,5,10,171.21
2020/21,JC Buttler,328,233,27,16,140.77
2020/21,JD Unadkat,9,13,0,0,69.23
2020/21,JDS Neesham,19,18,0,1,105.56
2020/21,JJ Bumrah,5,3,0,0,166.67
2020/21,JL Pattinson,15,13,2,0,115.38
2020/21,JM Bairstow,345,284,31,13,121.48
2020/21,JO Holder,66,54,5,3,122.22
2020/21,JR Philippe,78,80,9,1,97.5
2020/21,K Gowtham,42,27,3,2,155.56
2020/21,K Rabada,56,52,4,2,107.69
2020/21,KA Pollard,281,157,17,22,178.98
2020/21,KD Karthik,169,137,20,4,123.36
2020/21,KH Pandya,109,92,9,5,118.48
2020/21,KK Ahmed,0,2,0,0,0.0
2020/21,KK Nair,16,14,2,0,114.29
2020/21,KL Nagarkoti,22,32,1,0,68.75
2020/21,KL Rahul,676,531,58,23,127.31
2020/21,KM Jadhav,62,68,7,0,91.18
2020/21,KS Williamson,317,241,26,10,131.54
2020/21,Kartik Tyagi,4,6,0,0,66.67
2020/21,Kuldeep Yadav,13,21,1,0,61.9
2020/21,LH Ferguson,43,29,4,1,148.28
2020/21,M Ashwin,4,4,0,0,100.0
2020/21,M Prasidh Krishna,2,4,0,0,50.0
2020/21,M Vijay,32,44,4,0,72.73
2020/21,MA Agarwal,432,285,46,15,151.58
2020/21,MK Lomror,59,54,2,3,109.26
2020/21,MK Pandey,425,350,35,18,121.43
2020/21,MM Ali,12,16,1,0,75.0
2020/21,MP Stoinis,352,250,31,16,140.8
2020/21,MR Marsh,0,1,0,0,0.0
2020/21,MS Dhoni,200,175,16,7,114.29
2020/21,Mandeep Singh,130,111,10,4,117.12
2020/21,Mohammad Nabi,11,8,2,0,137.5
2020/21,Mohammed Shami,2,3,0,0,66.67
2020/21,Mohammed Siraj,17,14,2,0,121.43
2020/21,Mujeeb Ur Rahman,1,3,0,0,33.33
2020/21,N Jagadeesan,33,31,4,0,106.45
2020/21,N Pooran,353,215,23,25,164.19
2020/21,N Rana,352,260,43,12,135.38
2020/21,NM Coulter-Nile,25,15,4,0,166.67
2020/21,NS Naik,1,3,0,0,33.33
2020/21,Navdeep Saini,27,27,3,0,100.0
2020/21,P Dubey,7,13,0,0,53.85
2020/21,P Simran Singh,15,15,2,0,100.0
2020/21,PJ Cummins,146,120,9,8,121.67
2020/21,PK Garg,133,116,9,4,114.66
2020/21,PP Shaw,228,170,27,8,134.12
2020/21,Q de Kock,506,368,46,22,137.5
2020/21,R Ashwin,37,34,3,1,108.82
2020/21,R Parag,86,81,6,3,106.17
2020/21,R Tewatia,255,187,13,17,136.36
2020/21,RA Jadeja,232,142,22,11,163.38
2020/21,RA Tripathi,230,186,21,10,123.66
2020/21,RD Chahar,2,4,0,0,50.0
2020/21,RD Gaikwad,204,173,16,6,117.92
2020/21,RG Sharma,334,275,27,19,121.45
2020/21,RK Singh,11,11,1,0,100.0
2020/21,RR Pant,345,319,32,9,108.15
2020/21,RV Uthappa,196,170,19,7,115.29
2020/21,Rashid Khan,35,32,3,2,109.38
2020/21,Ravi Bishnoi,7,12,1,0,58.33
2020/21,S Dhawan,618,433,67,13,142.73
2020/21,S Dube,129,109,5,9,118.35
2020/21,S Gopal,37,41,3,0,90.24
2020/21,S Nadeem,7,8,1,0,87.5
2020/21,SA Yadav,480,340,61,11,141.18
2020/21,SM Curran,186,145,12,12,128.28
2020/21,SN Khan,33,30,5,0,110.0
2020/21,SN Thakur,12,21,0,0,57.14
2020/21,SO Hetmyer,185,127,11,12,145.67
2020/21,SP Goswami,0,5,0,0,0.0
2020/21,SP Narine,121,92,10,8,131.52
2020/21,SPD Smith,311,247,32,9,125.91
2020/21,SR Watson,299,254,33,13,117.72
2020/21,SS Cottrell,0,2,0,0,0.0
2020/21,SS Iyer,519,433,40,16,119.86
2020/21,SS Tiwary,103,81,8,3,127.16
2020/21,SV Samson,375,242,21,26,154.96
2020/21,Sandeep Sharma,12,15,1,0,80.0
2020/21,Shahbaz Ahmed,1,1,0,0,100.0
2020/21,Shivam Mavi,10,14,1,0,71.43
2020/21,Shubman Gill,440,382,44,9,115.18
2020/21,T Banton,18,22,1,1,81.82
2020/21,T Natarajan,3,5,0,0,60.0
2020/21,TA Boult,0,1,0,0,0.0
2020/21,TK Curran,83,63,5,3,131.75
2020/21,TU Deshpande,21,12,2,1,175.0
2020/21,UT Yadav,0,2,0,0,0.0
2020/21,V Kohli,471,402,24,11,117.16
2020/21,V Shankar,97,99,10,1,97.98
2020/21,VR Aaron,1,10,0,0,10.0
2020/21,WP Saha,214,159,24,5,134.59
2020/21,Washington Sundar,111,98,10,2,113.27
2020/21,YBK Jaiswal,40,44,2,2,90.91
2020/21,YS Chahal,1,5,0,0,20.0
2021,AB de Villiers,313,215,23,16,145.58
2021,AD Russell,183,127,14,14,144.09
2021,AF Milne,16,19,0,1,84.21
2021,AK Markram,146,123,12,4,118.7
2021,AM Rahane,8,9,1,0,88.89
2021,AR Patel,40,52,2,1,76.92
2021,AT Rayudu,257,175,16,17,146.86
2021,Abdul Samad,111,89,4,8,124.72
2021,Abhishek Sharma,98,78,7,4,125.64
2021,Anmolpreet Singh,16,14,2,1,114.29
2021,Anuj Rawat,0,1,0,0,0.0
2021,Arshdeep Singh,2,3,0,0,66.67
2021,Avesh Khan,5,3,1,0,166.67
2021,B Kumar,34,32,3,0,106.25
2021,BA Stokes,0,3,0,0,0.0
2021,C Sakariya,16,25,2,0,64.0
2021,CA Lynn,49,36,4,3,136.11
2021,CH Gayle,193,160,21,8,120.62
2021,CH Morris,67,53,2,5,126.42
2021,CJ Jordan,32,21,1,3,152.38
2021,CR Woakes,15,11,2,0,136.36
2021,CV Varun,2,4,0,0,50.0
2021,D Padikkal,411,342,44,14,120.18
2021,DA Miller,124,115,11,3,107.83
2021,DA Warner,197,191,15,6,103.14
2021,DJ Bravo,47,22,3,4,213.64
2021,DJ Hooda,160,125,9,9,128.0
2021,DJ Malan,26,26,1,1,100.0
2021,DL Chahar,1,1,0,0,100.0
2021,DR Sams,6,6,0,0,100.0
2021,DT Christian,14,24,1,0,58.33
2021,E Lewis,151,96,18,7,157.29
2021,EJG Morgan,133,142,8,6,93.66
2021,F du Plessis,633,471,61,23,134.39
2021,FA Allen,6,12,0,0,50.0
2021,GD Phillips,26,33,1,2,78.79
2021,GHS Garton,2,4,0,0,50.0
2021,GJ Maxwell,513,373,48,21,137.53
2021,HH Pandya,127,116,11,5,109.48
2021,HV Patel,59,48,6,2,122.92
2021,Harbhajan Singh,4,4,0,0,100.0
2021,Harpreet Brar,64,61,3,2,104.92
2021,Ishan Kishan,241,182,21,10,132.42
2021,J Suchith,14,6,2,1,233.33
2021,J Yadav,34,26,2,1,130.77
2021,JA Richardson,15,25,2,0,60.0
2021,JC Buttler,254,173,27,13,146.82
2021,JD Unadkat,41,32,3,2,128.12
2021,JDS Neesham,0,2,0,0,0.0
2021,JJ Bumrah,16,17,2,0,94.12
2021,JJ Roy,150,125,21,1,120.0
2021,JM Bairstow,248,179,20,15,138.55
2021,JO Holder,85,73,2,6,116.44
2021,K Rabada,13,6,2,0,216.67
2021,K Yadav,0,4,0,0,0.0
2021,KA Jamieson,65,55,5,3,118.18
2021,KA Pollard,245,180,16,16,136.11
2021,KD Karthik,223,172,22,7,129.65
2021,KH Pandya,143,126,10,6,113.49
2021,KK Ahmed,1,2,0,0,50.0
2021,KL Nagarkoti,0,2,0,0,0.0
2021,KL Rahul,626,465,48,30,134.62
2021,KM Jadhav,55,55,2,2,100.0
2021,KS Bharat,191,161,10,8,118.63
2021,KS Williamson,270,250,30,2,108.0
2021,Kartik Tyagi,2,4,0,0,50.0
2021,LH Ferguson,18,13,1,1,138.46
2021,LS Livingstone,42,43,3,1,97.67
2021,Lalit Yadav,68,75,7,0,90.67
2021,M Ashwin,15,24,1,0,62.5
2021,M Jansen,0,4,0,0,0.0
2021,M Prasidh Krishna,0,1,0,0,0.0
2021,M Shahrukh Khan,153,118,9,10,129.66
2021,M Vohra,42,40,5,2,105.0
2021,MA Agarwal,441,324,42,18,136.11
2021,MC Henriques,31,32,0,1,96.88
2021,MK Lomror,94,76,3,6,123.68
2021,MK Pandey,292,246,21,10,118.7
2021,MM Ali,357,270,31,19,132.22
2021,MP Stoinis,89,74,11,1,120.27
2021,MS Dhoni,114,111,12,3,102.7
2021,Mandeep Singh,15,14,2,0,107.14
2021,Mohammad Nabi,34,22,3,2,154.55
2021,Mohammed Shami,13,17,0,0,76.47
2021,Mohammed Siraj,20,26,1,1,76.92
2021,Mujeeb Ur Rahman,1,1,0,0,100.0
2021,Mustafizur Rahman,8,14,0,1,57.14
2021,N Pooran,85,77,3,5,110.39
2021,N Rana,383,325,34,17,117.85
2021,NM Coulter-Nile,4,5,0,0,80.0
2021,NT Ellis,18,17,0,1,105.88
2021,Navdeep Saini,2,5,0,0,40.0
2021,P Simran Singh,19,23,1,1,82.61
2021,PJ Cummins,93,60,5,8,155.0
2021,PK Garg,72,75,2,3,96.0
2021,PP Chawla,0,2,0,0,0.0
2021,PP Shaw,479,308,56,18,155.52
2021,PWH de Silva,1,2,0,0,50.0
2021,Q de Kock,297,261,29,7,113.79
2021,R Ashwin,44,43,2,1,102.33
2021,R Parag,93,84,6,4,110.71
2021,R Tewatia,155,152,11,6,101.97
2021,RA Jadeja,227,170,19,9,133.53
2021,RA Tripathi,397,285,41,11,139.3
2021,RD Chahar,14,15,1,0,93.33
2021,RD Gaikwad,635,474,64,23,133.97
2021,RG Sharma,381,307,33,14,124.1
2021,RM Patidar,71,65,3,3,109.23
2021,RR Pant,424,343,43,10,123.62
2021,RV Patel,25,29,3,0,86.21
2021,RV Uthappa,115,86,8,5,133.72
2021,Rashid Khan,83,71,9,2,116.9
2021,Ravi Bishnoi,1,5,0,0,20.0
2021,S Dhawan,587,480,63,16,122.29
2021,S Dube,230,205,18,10,112.2
2021,S Gopal,7,5,0,1,140.0
2021,S Kaul,8,8,1,0,100.0
2021,S Nadeem,0,1,0,0,0.0
2021,SA Yadav,317,226,40,10,140.27
2021,SK Raina,160,133,13,9,120.3
2021,SM Curran,56,30,5,3,186.67
2021,SN Khan,0,4,0,0,0.0
2021,SN Thakur,5,6,0,0,83.33
2021,SO Hetmyer,242,153,19,12,158.17
2021,SP Narine,62,51,3,5,121.57
2021,SPD Smith,152,136,13,2,111.76
2021,SS Iyer,175,181,7,5,96.69
2021,SS Tiwary,115,99,10,2,116.16
2021,SV Samson,484,372,45,17,130.11
2021,Sachin Baby,7,17,0,0,41.18
2021,Sandeep Sharma,8,7,1,0,114.29
2021,Shahbaz Ahmed,59,55,4,2,107.27
2021,Shakib Al Hasan,47,50,3,1,94.0
2021,Shivam Mavi,25,21,2,2,119.05
2021,Shubman Gill,478,415,50,12,115.18
2021,T Shamsi,2,4,0,0,50.0
2021,TA Boult,1,4,0,0,25.0
2021,TG Southee,3,5,0,0,60.0
2021,TH David,1,3,0,0,33.33
2021,TK Curran,21,17,2,0,123.53
2021,TL Seifert,2,5,0,0,40.0
2021,V Kohli,405,347,43,9,116.71
2021,V Shankar,58,52,1,3,111.54
2021,VR Iyer,370,299,37,14,123.75
2021,Virat Singh,15,26,1,0,57.69
2021,WP Saha,131,144,7,5,90.97
2021,Washington Sundar,31,48,2,0,64.58
2021,YBK Jaiswal,249,168,32,10,148.21
2021,YS Chahal,10,27,0,0,37.04
2022,A Badoni,161,139,11,7,115.83
2022,A Manohar,108,79,14,3,136.71
2022,A Nortje,1,7,0,0,14.29
2022,A Tomar,4,8,1,0,50.0
2022,AD Russell,335,200,18,32,167.5
2022,AJ Finch,86,70,10,3,122.86
2022,AK Markram,381,277,25,19,137.55
2022,AM Rahane,133,131,14,4,101.53
2022,AR Patel,182,122,12,10,149.18
2022,AS Joseph,5,7,0,0,71.43
2022,AS Roy,0,2,0,0,0.0
2022,AT Rayudu,274,230,25,15,119.13
2022,Abdul Samad,4,7,0,0,57.14
2022,Abhishek Sharma,426,329,47,13,129.48
2022,Akash Deep,0,2,0,0,0.0
2022,Aman Hakim Khan,5,3,1,0,166.67
2022,Anmolpreet Singh,13,13,1,0,100.0
2022,Anuj Rawat,129,123,10,7,104.88
2022,Arshdeep Singh,21,30,3,0,70.0
2022,Avesh Khan,22,13,0,3,169.23
2022,B Indrajith,21,31,2,0,67.74
2022,B Kumar,24,28,3,0,85.71
2022,B Sai Sudharsan,145,118,14,3,122.88
2022,CJ Jordan,11,9,0,0,122.22
2022,CV Varun,12,18,2,0,66.67
2022,D Brevis,161,116,14,11,138.79
2022,D Padikkal,376,317,41,14,118.61
2022,D Pretorius,44,28,3,3,157.14
2022,DA Miller,481,348,32,23,138.22
2022,DA Warner,432,301,52,15,143.52
2022,DJ Bravo,23,26,1,1,88.46
2022,DJ Hooda,451,340,36,18,132.65
2022,DJ Mitchell,33,46,1,0,71.74
2022,DJ Willey,18,32,3,0,56.25
2022,DP Conway,252,176,23,12,143.18
2022,DR Sams,38,40,1,3,95.0
2022,E Lewis,73,60,8,3,121.67
2022,F du Plessis,468,377,49,13,124.14
2022,FA Allen,8,7,1,0,114.29
2022,Fazalhaq Farooqi,2,8,0,0,25.0
2022,GJ Maxwell,301,184,31,15,163.59
2022,HE van der Dussen,22,25,2,0,88.0
2022,HH Pandya,487,387,49,12,125.84
2022,HR Shokeen,43,48,5,0,89.58
2022,HV Patel,43,42,4,2,102.38
2022,Harpreet Brar,22,25,1,2,88.0
2022,Harshit Rana,2,2,0,0,100.0
2022,Ishan Kishan,418,355,45,11,117.75
2022,J Suchith,2,8,0,0,25.0
2022,JC Buttler,863,596,84,45,144.8
2022,JD Unadkat,59,37,4,3,159.46
2022,JDS Neesham,31,27,3,0,114.81
2022,JJ Bumrah,0,9,0,0,0.0
2022,JM Bairstow,253,180,34,9,140.56
2022,JM Sharma,234,149,22,12,157.05
2022,JO Holder,58,46,2,6,126.09
2022,JR Hazlewood,18,27,1,0,66.67
2022,K Gowtham,0,2,0,0,0.0
2022,K Kartikeya,3,6,0,0,50.0
2022,K Rabada,48,47,5,2,102.13
2022,KA Pollard,144,146,6,9,98.63
2022,KD Karthik,330,188,27,22,175.53
2022,KH Pandya,183,150,16,4,122.0
2022,KK Ahmed,0,2,0,0,0.0
2022,KK Nair,16,18,1,0,88.89
2022,KL Rahul,616,472,45,30,130.51
2022,KR Sen,0,3,0,0,0.0
2022,KS Bharat,8,7,2,0,114.29
2022,KS Sharma,4,4,1,0,100.0
2022,KS Williamson,216,235,16,8,91.91
2022,Kartik Tyagi,7,6,1,0,116.67
2022,Kuldeep Yadav,48,54,3,2,88.89
2022,LH Ferguson,5,4,1,0,125.0
2022,LS Livingstone,437,261,29,34,167.43
2022,Lalit Yadav,161,152,11,7,105.92
2022,M Ashwin,12,14,1,1,85.71
2022,M Jansen,9,7,0,1,128.57
2022,M Prasidh Krishna,6,12,0,0,50.0
2022,M Shahrukh Khan,117,118,4,9,99.15
2022,M Theekshana,7,7,0,1,100.0
2022,M Vohra,19,12,1,2,158.33
2022,MA Agarwal,196,167,23,6,117.37
2022,MJ Santner,22,30,3,0,73.33
2022,MK Lomror,86,60,7,4,143.33
2022,MK Pandey,88,84,9,2,104.76
2022,MM Ali,244,183,24,11,133.33
2022,MP Stoinis,156,116,7,13,134.48
2022,MR Marsh,251,192,19,14,130.73
2022,MS Dhoni,232,198,21,10,117.17
2022,MS Wade,157,145,23,2,108.28
2022,Mandeep Singh,18,24,4,0,75.0
2022,Mohammed Siraj,30,33,5,0,90.91
2022,Mohsin Khan,23,19,2,1,121.05
2022,Mukesh Choudhary,6,6,1,0,100.0
2022,Mustafizur Rahman,3,5,0,0,60.0
2022,N Jagadeesan,40,40,3,1,100.0
2022,N Pooran,306,228,16,21,134.21
2022,N Rana,361,259,29,22,139.38
2022,NM Coulter-Nile,1,2,0,0,50.0
2022,NT Ellis,0,2,0,0,0.0
2022,Navdeep Saini,2,2,0,0,100.0
2022,OC McCoy,8,5,0,1,160.0
2022,OF Smith,51,50,1,5,102.0
2022,P Simran Singh,14,11,2,0,127.27
2022,PBB Rajapaksa,206,137,16,13,150.36
2022,PJ Cummins,63,24,5,6,262.5
2022,PJ Sangwan,2,6,0,0,33.33
2022,PK Garg,46,33,4,2,139.39
2022,PN Mankad,4,1,1,0,400.0
2022,PP Shaw,283,193,37,10,146.63
2022,PVD Chameera,43,32,3,3,134.38
2022,PWH de Silva,38,48,4,1,79.17
2022,Q de Kock,508,350,47,23,145.14
2022,R Ashwin,191,140,14,9,136.43
2022,R Dhawan,37,41,4,2,90.24
2022,R Parag,183,136,11,10,134.56
2022,R Powell,250,174,10,22,143.68
2022,R Sanjay Yadav,0,2,0,0,0.0
2022,R Shepherd,58,43,2,5,134.88
2022,R Tewatia,217,156,22,9,139.1
2022,RA Bawa,11,14,1,0,78.57
2022,RA Jadeja,116,105,6,5,110.48
2022,RA Tripathi,413,271,40,20,152.4
2022,RD Chahar,77,70,7,4,110.0
2022,RD Gaikwad,368,298,33,14,123.49
2022,RG Sharma,268,234,28,13,114.53
2022,RK Singh,174,125,17,7,139.2
2022,RM Patidar,333,232,27,18,143.53
2022,RP Meredith,0,1,0,0,0.0
2022,RR Pant,340,234,35,16,145.3
2022,RV Patel,6,3,0,1,200.0
2022,RV Uthappa,230,181,19,14,127.07
2022,Ramandeep Singh,45,42,3,1,107.14
2022,Rashid Khan,91,44,3,9,206.82
2022,Rasikh Salam,7,6,1,0,116.67
2022,Ravi Bishnoi,0,1,0,0,0.0
2022,S Dhawan,460,395,47,12,116.46
2022,S Dube,289,194,22,16,148.97
2022,S Gopal,9,7,2,0,128.57
2022,SA Abbott,7,5,0,1,140.0
2022,SA Yadav,303,210,23,16,144.29
2022,SE Rutherford,33,52,1,1,63.46
2022,SN Khan,91,69,9,2,131.88
2022,SN Thakur,120,90,7,7,133.33
2022,SO Hetmyer,314,221,21,21,142.08
2022,SP Jackson,23,26,0,1,88.46
2022,SP Narine,71,40,6,6,177.5
2022,SS Iyer,401,310,41,11,129.35
2022,SS Prabhudessai,67,62,7,2,108.06
2022,SV Samson,458,321,43,26,142.68
2022,SW Billings,169,143,9,10,118.18
2022,Shahbaz Ahmed,219,197,14,9,111.17
2022,Shashank Singh,69,47,5,4,146.81
2022,Shivam Mavi,3,8,0,0,37.5
2022,Shubman Gill,483,374,51,11,129.14
2022,Simarjeet Singh,7,8,0,0,87.5
2022,T Stubbs,2,4,0,0,50.0
2022,TA Boult,40,30,2,1,133.33
2022,TG Southee,2,12,0,0,16.67
2022,TH David,186,91,12,16,204.4
2022,TL Seifert,24,21,4,0,114.29
2022,TS Mills,0,3,0,0,0.0
2022,Tilak Varma,397,313,29,16,126.84
2022,UT Yadav,55,41,4,4,134.15
2022,Umran Malik,4,8,0,0,50.0
2022,V Kohli,341,306,32,8,111.44
2022,V Shankar,19,36,1,0,52.78
2022,VG Arora,5,14,0,0,35.71
2022,VR Iyer,182,175,17,7,104.0
2022,WP Saha,317,266,40,7,119.17
2022,Washington Sundar,101,76,9,3,132.89
2022,YBK Jaiswal,258,198,28,10,130.3
2022,YS Chahal,5,8,0,0,62.5
2022,Yash Dayal,0,1,0,0,0.0
2023,A Badoni,238,186,13,12,127.96
2023,A Manohar,114,86,6,7,132.56
2023,A Mishra,19,30,2,0,63.33
2023,A Nortje,37,29,6,0,127.59
2023,A Zampa,10,17,0,0,58.82
2023,AD Russell,227,162,13,18,140.12
2023,AJ Hosein,16,11,1,1,145.45
2023,AK Markram,248,200,18,8,124.0
2023,AM Rahane,326,193,24,16,168.91
2023,AR Patel,283,216,21,15,131.02
2023,AS Joseph,7,12,1,0,58.33
2023,AS Roy,23,19,3,0,121.05
2023,AT Rayudu,158,115,10,9,137.39
2023,AU Rashid,22,17,2,1,129.41
2023,Abdul Basith,1,1,0,0,100.0
2023,Abdul Samad,169,131,10,11,129.01
2023,Abhishek Sharma,226,166,28,6,136.14
2023,Abishek Porel,33,31,1,2,106.45
2023,Akash Deep,17,8,2,1,212.5
2023,Aman Hakim Khan,110,106,7,6,103.77
2023,Anmolpreet Singh,105,83,15,2,126.51
2023,Anuj Rawat,91,72,6,4,126.39
2023,Arjun Tendulkar,13,9,0,1,144.44
2023,Arshad Khan,18,15,0,1,120.0
2023,Arshdeep Singh,2,2,0,0,100.0
2023,Atharva Taide,186,136,20,6,136.76
2023,Avesh Khan,0,1,0,0,0.0
2023,B Kumar,42,49,4,0,85.71
2023,B Sai Sudharsan,362,264,33,12,137.12
2023,BA Stokes,15,15,2,0,100.0
2023,C Green,452,287,40,22,157.49
2023,C Sakariya,4,6,1,0,66.67
2023,CJ Jordan,6,13,0,0,46.15
2023,CV Varun,1,11,0,0,9.09
2023,D Padikkal,261,206,31,6,126.7
2023,D Wiese,21,11,0,3,190.91
2023,DA Miller,259,184,18,13,140.76
2023,DA Warner,516,406,69,10,127.09
2023,DG Nalkande,0,1,0,0,0.0
2023,DJ Hooda,84,93,3,2,90.32
2023,DJ Willey,35,32,4,0,109.38
2023,DL Chahar,1,2,0,0,50.0
2023,DP Conway,672,493,77,18,136.31
2023,Dhruv Jurel,152,93,11,9,163.44
2023,F du Plessis,730,483,60,36,151.14
2023,Fazalhaq Farooqi,1,5,0,0,20.0
2023,GD Phillips,39,22,2,4,177.27
2023,GJ Maxwell,400,225,29,31,177.78
2023,H Klaasen,448,262,32,25,170.99
2023,HC Brook,190,159,23,4,119.5
2023,HH Pandya,346,254,26,15,136.22
2023,HR Shokeen,23,19,4,0,121.05
2023,HV Patel,6,6,0,1,100.0
2023,Harpreet Brar,52,42,5,2,123.81
2023,Harpreet Singh,76,59,8,3,128.81
2023,Harshit Rana,0,1,0,0,0.0
2023,I Sharma,1,1,0,0,100.0
2023,Ishan Kishan,454,325,54,18,139.69
2023,JC Archer,4,4,0,0,100.0
2023,JC Buttler,392,298,42,14,131.54
2023,JD Unadkat,9,7,1,0,128.57
2023,JE Root,10,15,1,0,66.67
2023,JJ Roy,285,196,36,12,145.41
2023,JM Sharma,309,205,22,21,150.73
2023,JO Holder,12,12,0,1,100.0
2023,JP Behrendorff,6,9,0,0,66.67
2023,JR Hazlewood,1,2,0,0,50.0
2023,K Gowtham,61,44,2,5,138.64
2023,K Kartikeya,6,7,1,0,85.71
2023,K Rabada,0,2,0,0,0.0
2023,KD Karthik,140,106,13,5,132.08
2023,KH Pandya,188,172,15,6,109.3
2023,KL Rahul,274,247,28,4,110.93
2023,KM Asif,0,2,0,0,0.0
2023,KM Jadhav,12,10,1,0,120.0
2023,KR Mayers,379,276,38,22,137.32
2023,KS Sharma,12,21,0,0,57.14
2023,KV Sharma,3,5,0,0,60.0
2023,Kuldeep Yadav,31,50,2,0,62.0
2023,LS Livingstone,279,175,20,19,159.43
2023,Lalit Yadav,66,62,8,0,106.45
2023,Liton Das,4,4,1,0,100.0
2023,M Jansen,39,45,4,0,86.67
2023,M Markande,21,14,2,1,150.0
2023,M Shahrukh Khan,156,100,13,9,156.0
2023,M Vohra,10,11,1,0,90.91
2023,MA Agarwal,270,219,29,6,123.29
2023,MA Wood,11,5,1,1,220.0
2023,MD Shanaka,26,26,2,1,100.0
2023,MG Bracewell,58,49,6,1,118.37
2023,MJ Santner,2,4,0,0,50.0
2023,MK Lomror,135,101,9,8,133.66
2023,MK Pandey,160,149,15,3,107.38
2023,MM Ali,124,92,12,6,134.78
2023,MM Sharma,0,1,0,0,0.0
2023,MP Stoinis,408,281,28,27,145.2
2023,MR Marsh,128,97,11,7,131.96
2023,MS Dhoni,104,63,3,10,165.08
2023,MW Short,117,99,15,4,118.18
2023,Mandeep Singh,14,16,0,1,87.5
2023,Mohammed Shami,5,8,1,0,62.5
2023,Mohammed Siraj,1,2,0,0,50.0
2023,Mohit Rathee,1,2,0,0,50.0
2023,Mohsin Khan,0,7,0,0,0.0
2023,Mukesh Kumar,7,10,0,0,70.0
2023,Mustafizur Rahman,1,1,0,0,100.0
2023,N Jagadeesan,89,84,14,1,105.95
2023,N Pooran,358,217,26,26,164.98
2023,N Rana,413,303,39,20,136.3
2023,N Wadhera,241,171,23,12,140.94
2023,NT Ellis,1,7,0,0,14.29
2023,Naveen-ul-Haq,16,22,2,0,72.73
2023,Noor Ahmad,8,9,1,0,88.89
2023,P Dubey,16,20,2,0,80.0
2023,P Simran Singh,358,245,38,19,146.12
2023,PBB Rajapaksa,71,64,6,2,110.94
2023,PD Salt,218,135,24,10,161.48
2023,PK Garg,22,23,1,0,95.65
2023,PN Mankad,93,74,12,2,125.68
2023,PP Chawla,25,22,1,1,113.64
2023,PP Shaw,106,90,16,1,117.78
2023,PWH de Silva,33,30,3,0,110.0
2023,Q de Kock,143,103,10,8,138.83
2023,R Ashwin,67,55,5,3,121.82
2023,R Dhawan,20,12,1,1,166.67
2023,R Parag,78,68,4,5,114.71
2023,R Powell,7,9,1,0,77.78
2023,R Shepherd,0,1,0,0,0.0
2023,R Tewatia,87,61,3,7,142.62
2023,RA Jadeja,190,138,11,9,137.68
2023,RA Tripathi,273,217,29,10,125.81
2023,RD Chahar,0,10,0,0,0.0
2023,RD Gaikwad,590,411,46,30,143.55
2023,RG Sharma,332,258,35,17,128.68
2023,RK Singh,474,333,31,29,142.34
2023,RP Meredith,0,2,0,0,0.0
2023,RR Rossouw,209,148,17,11,141.22
2023,RV Patel,49,44,3,1,111.36
2023,Rahmanullah Gurbaz,227,178,17,15,127.53
2023,Rashid Khan,130,66,8,13,196.97
2023,Ravi Bishnoi,20,28,1,0,71.43
2023,S Dhawan,373,275,49,12,135.64
2023,S Dube,418,277,12,35,150.9
2023,SA Yadav,605,340,65,28,177.94
2023,SM Curran,276,213,20,13,129.58
2023,SN Khan,53,62,4,1,85.48
2023,SN Thakur,113,72,13,4,156.94
2023,SO Hetmyer,299,205,12,23,145.85
2023,SP Narine,21,28,2,1,75.0
2023,SS Prabhudessai,35,32,1,2,109.38
2023,SV Samson,362,240,25,24,150.83
2023,Sandeep Sharma,2,7,0,0,28.57
2023,Sanvir Singh,11,9,1,1,122.22
2023,Shahbaz Ahmed,42,41,3,1,102.44
2023,Shubman Gill,890,582,85,33,152.92
2023,Sikandar Raza,139,104,10,6,133.65
2023,Swapnil Singh,2,4,0,0,50.0
2023,T Stubbs,25,31,2,0,80.65
2023,TA Boult,16,17,1,1,94.12
2023,TH David,231,155,12,15,149.03
2023,TU Deshpande,0,1,0,0,0.0
2023,Tilak Varma,343,226,26,23,151.77
2023,UT Yadav,19,20,1,0,95.0
2023,Umran Malik,19,8,1,2,237.5
2023,V Kohli,639,473,65,16,135.1
2023,V Shankar,301,199,27,15,151.26
2023,VG Arora,3,2,0,0,150.0
2023,VR Iyer,404,288,32,21,140.28
2023,Vijaykumar Vyshak,13,10,0,1,130.0
2023,Vishnu Vinod,37,32,2,2,115.62
2023,Vivrant Sharma,69,49,9,2,140.82
2023,WD Parnell,2,6,0,0,33.33
2023,WP Saha,371,297,47,8,124.92
2023,Washington Sundar,60,62,6,0,96.77
2023,YBK Jaiswal,625,397,83,26,157.43
2023,YV Dhull,16,23,1,0,69.57
2023,Yudhvir Singh,1,2,0,0,50.0
2024,A Badoni,235,180,22,5,130.56
2024,A Kamboj,2,2,0,0,100.0
2024,A Manohar,9,16,1,0,56.25
2024,A Nortje,4,9,0,0,44.44
2024,A Raghuvanshi,163,109,16,8,149.54
2024,AA Kulkarni,9,8,2,0,112.5
2024,AD Russell,222,141,20,16,157.45
2024,AJ Turner,21,20,0,2,105.0
2024,AK Markram,220,187,18,4,117.65
2024,AM Rahane,242,200,24,7,121.0
2024,AR Patel,235,183,19,10,128.42
2024,AS Roy,3,3,0,0,100.0
2024,Abdul Samad,182,113,15,11,161.06
2024,Abhishek Sharma,484,248,36,42,195.16
2024,Abishek Porel,327,213,36,13,153.52
2024,Akash Deep,2,2,0,0,100.0
2024,Akash Madhwal,4,5,0,0,80.0
2024,Anmolpreet Singh,5,7,1,0,71.43
2024,Anuj Rawat,98,80,10,3,122.5
2024,Arshad Khan,78,52,5,5,150.0
2024,Arshad Khan (2),5,4,1,0,125.0
2024,Arshdeep Singh,4,4,1,0,100.0
2024,Ashutosh Sharma,189,118,10,15,160.17
2024,Atharva Taide,61,41,7,2,148.78
2024,Avesh Khan,10,5,1,0,200.0
2024,Azmatullah Omarzai,42,34,2,2,123.53
2024,B Kumar,23,30,3,0,76.67
2024,B Sai Sudharsan,527,388,48,17,135.82
2024,BR Sharath,2,5,0,0,40.0
2024,C Green,255,185,22,10,137.84
2024,D Brevis,69,60,3,5,115.0
2024,D Ferreira,8,11,0,0,72.73
2024,D Padikkal,38,60,3,0,63.33
2024,DA Miller,210,149,20,8,140.94
2024,DA Warner,168,130,17,10,129.23
2024,DG Nalkande,12,11,0,1,109.09
2024,DJ Hooda,145,107,16,3,135.51
2024,DJ Mitchell,318,228,27,10,139.47
2024,Dhruv Jurel,195,144,18,7,135.42
2024,F du Plessis,438,276,47,21,158.7
2024,G Coetzee,14,22,0,1,63.64
2024,GJ Maxwell,52,46,6,2,113.04
2024,Gulbadin Naib,19,15,1,1,126.67
2024,H Klaasen,479,293,19,38,163.48
2024,HH Pandya,216,154,17,11,140.26
2024,HV Patel,13,19,1,1,68.42
2024,Harpreet Brar,75,59,8,2,127.12
2024,Harpreet Singh,27,34,2,0,79.41
2024,I Sharma,1,8,0,0,12.5
2024,Ishan Kishan,320,222,35,16,144.14
2024,J Fraser-McGurk,330,150,32,28,220.0
2024,JA Richardson,2,2,0,0,100.0
2024,JC Buttler,359,266,36,12,134.96
2024,JD Unadkat,24,27,2,1,88.89
2024,JJ Bumrah,12,12,1,0,100.0
2024,JM Bairstow,298,197,33,14,151.27
2024,JM Sharma,187,147,9,12,127.21
2024,K Rabada,20,17,0,2,117.65
2024,KA Maharaj,1,2,0,0,50.0
2024,KD Karthik,326,195,27,22,167.18
2024,KH Pandya,133,112,8,5,118.75
2024,KL Rahul,520,398,45,19,130.65
2024,KS Williamson,27,27,4,0,100.0
2024,KV Sharma,31,16,2,3,193.75
2024,Kuldeep Yadav,47,44,6,1,106.82
2024,Kumar Kushagra,3,7,0,0,42.86
2024,L Wood,9,3,0,1,300.0
2024,LB Williams,1,2,0,0,50.0
2024,LH Ferguson,1,1,0,0,100.0
2024,LS Livingstone,111,82,8,7,135.37
2024,Lalit Yadav,10,12,1,0,83.33
2024,M Jansen,18,15,1,1,120.0
2024,M Shahrukh Khan,127,77,9,9,164.94
2024,MA Agarwal,64,59,8,1,108.47
2024,MA Starc,9,11,1,0,81.82
2024,MJ Santner,14,18,1,0,77.78
2024,MJ Suthar,1,2,0,0,50.0
2024,MK Lomror,125,74,9,9,168.92
2024,MK Pandey,42,33,2,2,127.27
2024,MM Ali,128,105,7,8,121.9
2024,MM Sharma,2,16,0,0,12.5
2024,MP Stoinis,388,272,39,16,142.65
2024,MR Marsh,61,41,9,3,148.78
2024,MS Dhoni,161,82,14,13,196.34
2024,MS Wade,4,7,0,0,57.14
2024,Mayank Dagar,0,1,0,0,0.0
2024,Mohammad Nabi,35,31,2,2,112.9
2024,Mohammed Siraj,12,9,0,2,133.33
2024,Mohsin Khan,2,1,0,0,200.0
2024,Mukesh Kumar,3,10,0,0,30.0
2024,N Pooran,499,296,35,36,168.58
2024,N Rana,42,35,5,1,120.0
2024,N Wadhera,109,90,9,6,121.11
2024,Naman Dhir,140,84,12,10,166.67
2024,Naveen-ul-Haq,2,4,0,0,50.0
2024,Nithish Kumar Reddy,303,221,15,21,137.1
2024,Noor Ahmad,5,9,1,0,55.56
2024,P Simran Singh,334,216,34,20,154.63
2024,PD Salt,435,250,50,24,174.0
2024,PJ Cummins,136,99,9,8,137.37
2024,PP Chawla,15,15,1,1,100.0
2024,PP Shaw,198,125,30,5,158.4
2024,Q de Kock,250,194,29,9,128.87
2024,R Ashwin,86,76,5,4,113.16
2024,R Parag,573,407,40,33,140.79
2024,R Powell,103,71,10,6,145.07
2024,R Ravindra,222,146,22,12,152.05
2024,R Sai Kishore,13,6,0,2,216.67
2024,R Shepherd,57,24,5,5,237.5
2024,R Tewatia,188,139,24,5,135.25
2024,RA Jadeja,267,191,22,8,139.79
2024,RA Tripathi,165,121,18,6,136.36
2024,RD Chahar,21,15,3,1,140.0
2024,RD Gaikwad,583,425,58,18,137.18
2024,RG Sharma,417,293,45,23,142.32
2024,RJ Gleeson,2,2,0,0,100.0
2024,RJW Topley,3,6,0,0,50.0
2024,RK Bhui,3,9,0,0,33.33
2024,RK Singh,168,117,13,8,143.59
2024,RM Patidar,395,237,21,33,166.67
2024,RR Pant,446,296,36,25,150.68
2024,RR Rossouw,211,122,25,11,172.95
2024,Rahmanullah Gurbaz,62,50,7,4,124.0
2024,Ramandeep Singh,125,64,5,12,195.31
2024,Rashid Khan,102,75,11,3,136.0
2024,Rasikh Salam,28,30,4,0,93.33
2024,Ravi Bishnoi,4,6,0,0,66.67
2024,S Dhawan,152,125,18,4,121.6
2024,S Dube,396,259,28,28,152.9
2024,SA Yadav,345,209,36,18,165.07
2024,SB Dubey,33,21,3,2,157.14
2024,SD Hope,183,125,12,12,146.4
2024,SH Johnson,6,7,1,0,85.71
2024,SM Curran,270,230,24,6,117.39
2024,SN Thakur,21,18,2,1,116.67
2024,SO Hetmyer,113,72,9,7,156.94
2024,SP Narine,488,292,50,33,167.12
2024,SS Iyer,351,250,34,14,140.4
2024,SS Prabhudessai,24,19,3,0,126.32
2024,SV Samson,531,367,48,24,144.69
2024,SZ Mulani,1,1,0,0,100.0
2024,Sameer Rizvi,51,43,4,2,118.6
2024,Sanvir Singh,14,13,1,0,107.69
2024,Saurav Chauhan,18,16,1,1,112.5
2024,Shahbaz Ahmed,215,173,7,13,124.28
2024,Shashank Singh,354,225,28,21,157.33
2024,Shivam Singh,2,3,0,0,66.67
2024,Shubman Gill,426,295,37,15,144.41
2024,Sikandar Raza,43,39,2,2,110.26
2024,Sumit Kumar,18,26,2,1,69.23
2024,Swapnil Singh,37,22,3,3,168.18
2024,T Kohler-Cadmore,48,54,7,1,88.89
2024,T Stubbs,378,204,24,26,185.29
2024,TA Boult,14,16,2,0,87.5
2024,TH David,241,168,14,15,143.45
2024,TM Head,567,307,64,32,184.69
2024,TU Deshpande,0,2,0,0,0.0
2024,Tanush Kotian,24,32,3,0,75.0
2024,Tilak Varma,416,291,35,19,142.96
2024,UT Yadav,12,15,0,1,80.0
2024,V Kohli,741,497,62,38,149.09
2024,V Shankar,83,75,7,2,110.67
2024,V Viyaskanth,7,5,0,0,140.0
2024,VG Arora,1,1,0,0,100.0
2024,VR Iyer,370,238,35,19,155.46
2024,Vijaykumar Vyshak,1,3,0,0,33.33
2024,WG Jacks,230,133,16,18,172.93
2024,WP Saha,136,120,18,3,113.33
2024,Washington Sundar,0,1,0,0,0.0
2024,YBK Jaiswal,435,288,54,16,151.04
2024,Yudhvir Singh,21,14,1,2,150.0
