season,player,wickets,runs_conceded,bowling_avg,economy
2007/08,A Kumble,7,314,44.86,44.86
2007/08,A Mishra,11,140,12.73,12.73
2007/08,A Nehra,12,357,29.75,29.75
2007/08,A Nel,1,31,31.0,31.0
2007/08,AA Noffke,1,41,41.0,41.0
2007/08,AB Agarkar,8,211,26.38,26.38
2007/08,AB Dinda,9,266,29.56,29.56
2007/08,AD Mascarenhas,2,31,15.5,15.5
2007/08,AM Nayar,1,69,69.0,69.0
2007/08,B Akhil,2,138,69.0,69.0
2007/08,B Geeves,1,91,91.0,91.0
2007/08,B Lee,4,118,29.5,29.5
2007/08,BAW Mendis,1,24,24.0,24.0
2007/08,CRD Fernando,10,164,16.4,16.4
2007/08,D Kalyankrishna,2,88,44.0,44.0
2007/08,D Salunkhe,1,80,80.0,80.0
2007/08,DB Ravi Teja,1,19,19.0,19.0
2007/08,DJ Bravo,11,239,21.73,21.73
2007/08,DJ Hussey,2,134,67.0,67.0
2007/08,DJ Thornely,3,40,13.33,13.33
2007/08,DL Vettori,2,54,27.0,27.0
2007/08,DNT Zoysa,2,100,50.0,50.0
2007/08,DP Vijaykumar,4,205,51.25,51.25
2007/08,DR Smith,5,83,16.6,16.6
2007/08,DS Kulkarni,11,242,22.0,22.0
2007/08,DW Steyn,10,265,26.5,26.5
2007/08,GD McGrath,12,366,30.5,30.5
2007/08,Gagandeep Singh,3,142,47.33,47.33
2007/08,Harbhajan Singh,5,84,16.8,16.8
2007/08,I Sharma,7,348,49.71,49.71
2007/08,IK Pathan,15,361,24.07,24.07
2007/08,JA Morkel,17,414,24.35,24.35
2007/08,JDP Oram,3,149,49.67,49.67
2007/08,JH Kallis,4,322,80.5,80.5
2007/08,JR Hopes,7,285,40.71,40.71
2007/08,Joginder Sharma,8,241,30.12,30.12
2007/08,L Balaji,11,293,26.64,26.64
2007/08,LR Shukla,6,126,21.0,21.0
2007/08,M Kartik,3,132,44.0,44.0
2007/08,M Muralitharan,11,416,37.82,37.82
2007/08,M Ntini,7,257,36.71,36.71
2007/08,MA Khote,2,52,26.0,26.0
2007/08,MF Maharoof,15,255,17.0,17.0
2007/08,MM Patel,14,423,30.21,30.21
2007/08,MS Gony,17,456,26.82,26.82
2007/08,Mohammad Asif,8,307,38.38,38.38
2007/08,Mohammad Hafeez,2,71,35.5,35.5
2007/08,P Amarnath,7,241,34.43,34.43
2007/08,P Kumar,11,376,34.18,34.18
2007/08,PJ Sangwan,5,221,44.2,44.2
2007/08,PM Sarvesh Kumar,1,42,42.0,42.0
2007/08,PP Chawla,17,396,23.29,23.29
2007/08,PP Ojha,11,299,27.18,27.18
2007/08,R Bhatia,6,185,30.83,30.83
2007/08,R Vinay Kumar,5,183,36.6,36.6
2007/08,RG Sharma,1,26,26.0,26.0
2007/08,RP Singh,15,459,30.6,30.6
2007/08,RR Powar,3,93,31.0,31.0
2007/08,RR Raje,5,142,28.4,28.4
2007/08,S Sreesanth,19,451,23.74,23.74
2007/08,S Vidyut,1,22,22.0,22.0
2007/08,SB Bangar,4,221,55.25,55.25
2007/08,SB Joshi,1,82,82.0,82.0
2007/08,SB Styris,3,201,67.0,67.0
2007/08,SC Ganguly,6,132,22.0,22.0
2007/08,SD Chitnis,2,62,31.0,31.0
2007/08,SK Raina,1,30,30.0,30.0
2007/08,SK Trivedi,13,407,31.31,31.31
2007/08,SK Warne,19,409,21.53,21.53
2007/08,SM Pollock,11,307,27.91,27.91
2007/08,SR Watson,17,395,23.24,23.24
2007/08,ST Jayasuriya,4,163,40.75,40.75
2007/08,Shahid Afridi,9,237,26.33,26.33
2007/08,Shoaib Akhtar,5,54,10.8,10.8
2007/08,Shoaib Malik,2,87,43.5,43.5
2007/08,Sohail Tanvir,22,275,12.5,12.5
2007/08,TM Dilshan,1,3,3.0,3.0
2007/08,Umar Gul,12,198,16.5,16.5
2007/08,V Kohli,2,62,31.0,31.0
2007/08,V Sehwag,3,134,44.67,44.67
2007/08,VRV Singh,11,425,38.64,38.64
2007/08,VY Mahesh,16,380,23.75,23.75
2007/08,WA Mota,1,36,36.0,36.0
2007/08,WPUJC Vaas,5,146,29.2,29.2
2007/08,Y Venugopal Rao,2,137,68.5,68.5
2007/08,YK Pathan,8,233,29.12,29.12
2007/08,Yuvraj Singh,3,85,28.33,28.33
2007/08,Z Khan,13,369,28.38,28.38
2009,A Flintoff,2,106,53.0,53.0
2009,A Kumble,21,353,16.81,16.81
2009,A Mishra,14,300,21.43,21.43
2009,A Nehra,19,354,18.63,18.63
2009,A Singh,9,100,11.11,11.11
2009,A Symonds,7,162,23.14,23.14
2009,AB Agarkar,6,293,48.83,48.83
2009,AB Dinda,4,195,48.75,48.75
2009,AD Mascarenhas,6,133,22.17,22.17
2009,AM Nayar,4,84,21.0,21.0
2009,AM Rahane,1,5,5.0,5.0
2009,AM Salvi,4,138,34.5,34.5
2009,Anureet Singh,2,47,23.5,23.5
2009,B Akhil,4,80,20.0,20.0
2009,B Lee,5,113,22.6,22.6
2009,BAW Mendis,3,136,45.33,45.33
2009,BJ Hodge,7,167,23.86,23.86
2009,C Nanda,2,58,29.0,29.0
2009,CH Gayle,1,146,146.0,146.0
2009,CK Langeveldt,3,15,5.0,5.0
2009,D du Preez,4,56,14.0,14.0
2009,DJ Bravo,11,265,24.09,24.09
2009,DL Vettori,7,186,26.57,26.57
2009,DP Nannes,15,384,25.6,25.6
2009,DR Smith,1,128,128.0,128.0
2009,DS Kulkarni,5,209,41.8,41.8
2009,DW Steyn,2,62,31.0,31.0
2009,FH Edwards,5,160,32.0,32.0
2009,GR Napier,1,28,28.0,28.0
2009,Harbhajan Singh,12,272,22.67,22.67
2009,Harmeet Singh,3,198,66.0,66.0
2009,I Sharma,11,303,27.55,27.55
2009,IK Pathan,17,398,23.41,23.41
2009,J Botha,3,76,25.33,25.33
2009,JA Morkel,13,330,25.38,25.38
2009,JD Ryder,3,121,40.33,40.33
2009,JDP Oram,5,139,27.8,27.8
2009,JH Kallis,6,362,60.33,60.33
2009,JP Duminy,4,96,24.0,24.0
2009,Joginder Sharma,2,57,28.5,28.5
2009,KP Appanna,2,91,45.5,45.5
2009,KP Pietersen,4,88,22.0,22.0
2009,Kamran Khan,7,148,21.14,21.14
2009,L Balaji,13,320,24.62,24.62
2009,LA Carseldine,1,6,6.0,6.0
2009,LR Shukla,3,102,34.0,34.0
2009,M Kartik,4,207,51.75,51.75
2009,M Muralitharan,14,267,19.07,19.07
2009,MC Henriques,2,107,53.5,53.5
2009,MF Maharoof,4,67,16.75,16.75
2009,MM Patel,16,245,15.31,15.31
2009,MS Gony,5,173,34.6,34.6
2009,P Kumar,13,401,30.85,30.85
2009,PJ Sangwan,15,374,24.93,24.93
2009,PP Chawla,12,319,26.58,26.58
2009,PP Ojha,18,359,19.94,19.94
2009,Pankaj Singh,2,65,32.5,32.5
2009,R Ashwin,2,14,7.0,7.0
2009,R Bhatia,10,153,15.3,15.3
2009,R Vinay Kumar,9,273,30.33,30.33
2009,RA Jadeja,6,156,26.0,26.0
2009,RE van der Merwe,9,263,29.22,29.22
2009,RG Sharma,11,163,14.82,14.82
2009,RJ Harris,6,235,39.17,39.17
2009,RP Singh,23,430,18.7,18.7
2009,RR Powar,5,138,27.6,27.6
2009,RR Raje,1,72,72.0,72.0
2009,S Sreesanth,6,196,32.67,32.67
2009,S Tyagi,5,143,28.6,28.6
2009,SB Jakati,13,225,17.31,17.31
2009,SB Styris,5,64,12.8,12.8
2009,SC Ganguly,2,98,49.0,49.0
2009,SK Raina,7,169,24.14,24.14
2009,SK Trivedi,6,152,25.33,25.33
2009,SK Warne,14,369,26.36,26.36
2009,SL Malinga,18,334,18.56,18.56
2009,SM Harwood,3,74,24.67,24.67
2009,SS Sarkar,1,34,34.0,34.0
2009,ST Jayasuriya,7,165,23.57,23.57
2009,Shoaib Ahmed,5,154,30.8,30.8
2009,T Henderson,1,41,41.0,41.0
2009,T Thushara,3,61,20.33,20.33
2009,TL Suman,5,108,21.6,21.6
2009,VRV Singh,1,83,83.0,83.0
2009,VS Malik,2,100,50.0,50.0
2009,VY Mahesh,1,25,25.0,25.0
2009,WA Mota,3,62,20.67,20.67
2009,WPUJC Vaas,4,71,17.75,17.75
2009,Y Nagar,2,20,10.0,10.0
2009,Y Venugopal Rao,4,123,30.75,30.75
2009,YA Abdulla,14,244,17.43,17.43
2009,YK Pathan,7,248,35.43,35.43
2009,Yuvraj Singh,6,142,23.67,23.67
2009,Z Khan,6,144,24.0,24.0
2009/10,A Kumble,17,422,24.82,24.82
2009/10,A Mishra,17,371,21.82,21.82
2009/10,A Mithun,1,39,39.0,39.0
2009/10,A Nehra,6,102,17.0,17.0
2009/10,A Symonds,12,385,32.08,32.08
2009/10,A Uniyal,2,67,33.5,33.5
2009/10,AB Agarkar,4,207,51.75,51.75
2009/10,AB Dinda,9,155,17.22,17.22
2009/10,AB McDonald,5,138,27.6,27.6
2009/10,AD Mascarenhas,4,66,16.5,16.5
2009/10,AD Mathews,8,317,39.62,39.62
2009/10,AG Murtaza,3,93,31.0,31.0
2009/10,AP Dole,5,114,22.8,22.8
2009/10,BAW Mendis,2,68,34.0,34.0
2009/10,BJ Hodge,2,41,20.5,20.5
2009/10,Bipul Sharma,3,94,31.33,31.33
2009/10,CH Gayle,4,153,38.25,38.25
2009/10,CK Langeveldt,5,92,18.4,18.4
2009/10,CRD Fernando,7,142,20.29,20.29
2009/10,DE Bollinger,12,213,17.75,17.75
2009/10,DJ Bravo,4,231,57.75,57.75
2009/10,DL Vettori,2,98,49.0,49.0
2009/10,DP Nannes,7,235,33.57,33.57
2009/10,DR Smith,1,36,36.0,36.0
2009/10,DS Kulkarni,1,40,40.0,40.0
2009/10,DW Steyn,15,415,27.67,27.67
2009/10,Harbhajan Singh,17,385,22.65,22.65
2009/10,Harmeet Singh,8,177,22.12,22.12
2009/10,I Sharma,7,242,34.57,34.57
2009/10,IK Pathan,15,435,29.0,29.0
2009/10,Iqbal Abdulla,1,62,62.0,62.0
2009/10,J Theron,8,204,25.5,25.5
2009/10,JA Morkel,11,410,37.27,37.27
2009/10,JD Unadkat,4,85,21.25,21.25
2009/10,JH Kallis,13,484,37.23,37.23
2009/10,JM Kemp,3,58,19.33,19.33
2009/10,JP Duminy,1,37,37.0,37.0
2009/10,Jaskaran Singh,6,142,23.67,23.67
2009/10,Joginder Sharma,2,89,44.5,44.5
2009/10,KA Pollard,15,276,18.4,18.4
2009/10,KP Appanna,1,51,51.0,51.0
2009/10,KP Pietersen,3,77,25.67,25.67
2009/10,Kamran Khan,3,53,17.67,17.67
2009/10,L Ablish,3,37,12.33,12.33
2009/10,L Balaji,7,214,30.57,30.57
2009/10,LR Shukla,3,108,36.0,36.0
2009/10,M Kartik,9,261,29.0,29.0
2009/10,M Muralitharan,16,356,22.25,22.25
2009/10,MC Henriques,1,35,35.0,35.0
2009/10,MF Maharoof,8,210,26.25,26.25
2009/10,MK Tiwary,1,11,11.0,11.0
2009/10,MM Patel,3,118,39.33,39.33
2009/10,MR Marsh,2,89,44.5,44.5
2009/10,MS Gony,1,92,92.0,92.0
2009/10,ND Doshi,1,17,17.0,17.0
2009/10,P Kumar,10,392,39.2,39.2
2009/10,PD Collingwood,5,101,20.2,20.2
2009/10,PJ Sangwan,9,260,28.89,28.89
2009/10,PP Chawla,12,371,30.92,30.92
2009/10,PP Ojha,21,439,20.9,20.9
2009/10,Pankaj Singh,2,83,41.5,41.5
2009/10,R Ashwin,13,308,23.69,23.69
2009/10,R Bhatia,3,136,45.33,45.33
2009/10,R McLaren,4,281,70.25,70.25
2009/10,R Sathish,2,81,40.5,40.5
2009/10,R Sharma,5,170,34.0,34.0
2009/10,R Vinay Kumar,16,404,25.25,25.25
2009/10,RE van der Merwe,2,27,13.5,13.5
2009/10,RG Sharma,2,159,79.5,79.5
2009/10,RJ Harris,14,239,17.07,17.07
2009/10,RP Singh,13,385,29.62,29.62
2009/10,RR Powar,3,163,54.33,54.33
2009/10,RS Bopara,5,132,26.4,26.4
2009/10,S Ladda,4,144,36.0,36.0
2009/10,S Narwal,5,186,37.2,37.2
2009/10,S Sreesanth,3,191,63.67,63.67
2009/10,S Tyagi,1,161,161.0,161.0
2009/10,SB Jakati,13,300,23.08,23.08
2009/10,SB Wagh,1,16,16.0,16.0
2009/10,SE Bond,9,225,25.0,25.0
2009/10,SJ Srivastava,6,257,42.83,42.83
2009/10,SK Raina,6,181,30.17,30.17
2009/10,SK Trivedi,11,266,24.18,24.18
2009/10,SK Warne,11,389,35.36,35.36
2009/10,SL Malinga,15,360,24.0,24.0
2009/10,SR Watson,6,185,30.83,30.83
2009/10,ST Jayasuriya,2,68,34.0,34.0
2009/10,SW Tait,10,274,27.4,27.4
2009/10,T Thushara,5,103,20.6,20.6
2009/10,TM Dilshan,3,70,23.33,23.33
2009/10,UT Yadav,6,192,32.0,32.0
2009/10,V Sehwag,3,23,7.67,7.67
2009/10,VS Malik,1,66,66.0,66.0
2009/10,VY Mahesh,1,23,23.0,23.0
2009/10,WPUJC Vaas,9,147,16.33,16.33
2009/10,Y Nagar,1,28,28.0,28.0
2009/10,YA Abdulla,1,67,67.0,67.0
2009/10,YK Pathan,5,254,50.8,50.8
2009/10,Yuvraj Singh,5,155,31.0,31.0
2009/10,Z Khan,15,388,25.87,25.87
2011,A Mishra,19,369,19.42,19.42
2011,A Mithun,5,325,65.0,65.0
2011,A Singh,9,222,24.67,24.67
2011,A Symonds,1,41,41.0,41.0
2011,AB Agarkar,8,236,29.5,29.5
2011,AB Dinda,5,159,31.8,31.8
2011,AC Thomas,11,300,27.27,27.27
2011,AG Murtaza,3,122,40.67,40.67
2011,AL Menaria,2,121,60.5,60.5
2011,AM Nayar,2,95,47.5,47.5
2011,AM Salvi,3,67,22.33,22.33
2011,AN Ahmed,5,178,35.6,35.6
2011,Anand Rajan,3,50,16.67,16.67
2011,B Kumar,3,68,22.67,22.67
2011,B Lee,5,349,69.8,69.8
2011,BA Bhatt,9,233,25.89,25.89
2011,BJ Hodge,7,77,11.0,11.0
2011,Bipul Sharma,4,80,20.0,20.0
2011,CH Gayle,8,262,32.75,32.75
2011,CK Langeveldt,5,92,18.4,18.4
2011,DE Bollinger,17,343,20.18,20.18
2011,DJ Bravo,6,159,26.5,26.5
2011,DJ Hussey,1,38,38.0,38.0
2011,DL Vettori,12,315,26.25,26.25
2011,DP Nannes,2,31,15.5,15.5
2011,DS Kulkarni,5,156,31.2,31.2
2011,DT Christian,11,357,32.45,32.45
2011,DW Steyn,14,304,21.71,21.71
2011,Harbhajan Singh,14,373,26.64,26.64
2011,Harmeet Singh,3,53,17.67,17.67
2011,I Sharma,11,324,29.45,29.45
2011,IK Pathan,11,353,32.09,32.09
2011,Iqbal Abdulla,16,313,19.56,19.56
2011,J Botha,7,242,34.57,34.57
2011,J Syed Mohammad,5,128,25.6,25.6
2011,JA Morkel,15,390,26.0,26.0
2011,JD Ryder,4,119,29.75,29.75
2011,JD Unadkat,6,151,25.17,25.17
2011,JDP Oram,1,46,46.0,46.0
2011,JE Taylor,6,167,27.83,27.83
2011,JEC Franklin,3,99,33.0,33.0
2011,JH Kallis,7,170,24.29,24.29
2011,JJ van der Wath,3,134,44.67,44.67
2011,JP Duminy,4,149,37.25,37.25
2011,JP Faulkner,1,10,10.0,10.0
2011,JR Hopes,7,277,39.57,39.57
2011,KA Pollard,10,367,36.7,36.7
2011,KMDN Kulasekara,1,26,26.0,26.0
2011,L Balaji,10,383,38.3,38.3
2011,M Kartik,1,170,170.0,170.0
2011,M Morkel,13,336,25.85,25.85
2011,M Muralitharan,2,145,72.5,72.5
2011,MM Patel,22,377,17.14,17.14
2011,MR Marsh,7,102,14.57,14.57
2011,MS Gony,4,86,21.5,21.5
2011,ND Doshi,1,62,62.0,62.0
2011,NLTC Perera,2,114,57.0,57.0
2011,P Kumar,10,353,35.3,35.3
2011,P Parameswaran,4,137,34.25,34.25
2011,PC Valthaty,7,191,27.29,27.29
2011,PP Chawla,16,340,21.25,21.25
2011,PP Ojha,10,281,28.1,28.1
2011,R Ashwin,20,398,19.9,19.9
2011,R Bhatia,8,213,26.62,26.62
2011,R McLaren,5,182,36.4,36.4
2011,R Ninan,3,65,21.67,21.67
2011,R Sharma,16,278,17.38,17.38
2011,R Vinay Kumar,12,345,28.75,28.75
2011,RA Jadeja,8,307,38.38,38.38
2011,RE van der Merwe,5,94,18.8,18.8
2011,RJ Harris,16,401,25.06,25.06
2011,RP Singh,13,365,28.08,28.08
2011,RR Powar,2,112,56.0,56.0
2011,RV Gomez,5,125,25.0,25.0
2011,S Aravind,21,377,17.95,17.95
2011,S Dhawan,1,12,12.0,12.0
2011,S Nadeem,4,145,36.25,36.25
2011,S Randiv,6,223,37.17,37.17
2011,S Sreesanth,7,212,30.29,30.29
2011,SB Jakati,10,338,33.8,33.8
2011,SB Wagh,4,131,32.75,32.75
2011,SJ Srivastava,8,187,23.38,23.38
2011,SK Raina,4,209,52.25,52.25
2011,SK Trivedi,10,307,30.7,30.7
2011,SK Warne,13,298,22.92,22.92
2011,SL Malinga,28,393,14.04,14.04
2011,SR Watson,6,248,41.33,41.33
2011,SS Mundhe,1,6,6.0,6.0
2011,SW Tait,6,137,22.83,22.83
2011,Shakib Al Hasan,11,177,16.09,16.09
2011,TG Southee,4,167,41.75,41.75
2011,TM Dilshan,1,108,108.0,108.0
2011,UT Yadav,2,172,86.0,86.0
2011,V Kohli,2,140,70.0,70.0
2011,VR Aaron,2,83,41.5,41.5
2011,WD Parnell,9,222,24.67,24.67
2011,Y Nagar,1,67,67.0,67.0
2011,YK Pathan,13,244,18.77,18.77
2011,Yuvraj Singh,9,193,21.44,21.44
2011,Z Khan,14,465,33.21,33.21
2012,A Ashish Reddy,11,238,21.64,21.64
2012,A Chandila,5,87,17.4,17.4
2012,A Mishra,13,381,29.31,29.31
2012,A Nehra,11,411,37.36,37.36
2012,A Singh,10,317,31.7,31.7
2012,AA Chavan,7,245,35.0,35.0
2012,AA Jhunjhunwala,1,39,39.0,39.0
2012,AB Agarkar,3,134,44.67,44.67
2012,AB Dinda,9,171,19.0,19.0
2012,AB McDonald,5,63,12.6,12.6
2012,AC Thomas,3,116,38.67,38.67
2012,AD Mascarenhas,7,110,15.71,15.71
2012,AD Mathews,7,195,27.86,27.86
2012,AD Russell,1,162,162.0,162.0
2012,AL Menaria,1,23,23.0,23.0
2012,Anand Rajan,3,113,37.67,37.67
2012,Ankit Sharma,4,167,41.75,41.75
2012,Azhar Mahmood,14,331,23.64,23.64
2012,B Kumar,8,293,36.62,36.62
2012,B Lee,7,303,43.29,43.29
2012,BA Bhatt,2,143,71.5,71.5
2012,BJ Hodge,1,22,22.0,22.0
2012,BW Hilfenhaus,14,242,17.29,17.29
2012,CJ McKay,1,60,60.0,60.0
2012,DAJ Bracewell,3,32,10.67,10.67
2012,DE Bollinger,8,160,20.0,20.0
2012,DJ Bravo,15,472,31.47,31.47
2012,DJ Hussey,3,67,22.33,22.33
2012,DL Vettori,5,241,48.2,48.2
2012,DR Smith,2,98,49.0,49.0
2012,DS Kulkarni,6,64,10.67,10.67
2012,DT Christian,8,240,30.0,30.0
2012,DW Steyn,18,290,16.11,16.11
2012,GB Hogg,10,262,26.2,26.2
2012,GJ Maxwell,1,22,22.0,22.0
2012,HV Patel,9,352,39.11,39.11
2012,Harbhajan Singh,6,389,64.83,64.83
2012,Harmeet Singh,7,196,28.0,28.0
2012,IK Pathan,8,477,59.62,59.62
2012,Iqbal Abdulla,4,147,36.75,36.75
2012,J Botha,9,304,33.78,33.78
2012,J Theron,2,66,33.0,33.0
2012,JA Morkel,13,392,30.15,30.15
2012,JD Ryder,1,74,74.0,74.0
2012,JEC Franklin,6,126,21.0,21.0
2012,JH Kallis,15,410,27.33,27.33
2012,JP Duminy,1,104,104.0,104.0
2012,JP Faulkner,3,74,24.67,24.67
2012,KA Pollard,16,352,22.0,22.0
2012,KK Cooper,10,187,18.7,18.7
2012,KMDN Kulasekara,4,96,24.0,24.0
2012,KP Appanna,6,149,24.83,24.83
2012,L Balaji,11,169,15.36,15.36
2012,LR Shukla,1,12,12.0,12.0
2012,M Kartik,4,267,66.75,66.75
2012,M Morkel,25,466,18.64,18.64
2012,M Muralitharan,15,264,17.6,17.6
2012,M de Lange,3,108,36.0,36.0
2012,MJ Clarke,2,72,36.0,36.0
2012,MM Patel,15,374,24.93,24.93
2012,MN Samuels,8,217,27.12,27.12
2012,MS Gony,3,217,72.33,72.33
2012,P Awana,17,382,22.47,22.47
2012,P Kumar,9,445,49.44,49.44
2012,P Negi,7,153,21.86,21.86
2012,P Parameswaran,5,89,17.8,17.8
2012,PJ Sangwan,1,42,42.0,42.0
2012,PP Chawla,16,425,26.56,26.56
2012,PP Ojha,9,222,24.67,24.67
2012,Pankaj Singh,7,171,24.43,24.43
2012,R Ashwin,14,439,31.36,31.36
2012,R Bhatia,13,400,30.77,30.77
2012,R Sharma,9,305,33.89,33.89
2012,R Vinay Kumar,19,488,25.68,25.68
2012,RA Jadeja,12,278,23.17,23.17
2012,RE van der Merwe,2,60,30.0,30.0
2012,RJ Harris,8,136,17.0,17.0
2012,RJ Peterson,3,70,23.33,23.33
2012,RN ten Doeschate,1,24,24.0,24.0
2012,RP Singh,10,328,32.8,32.8
2012,S Dhawan,3,60,20.0,20.0
2012,S Nadeem,8,320,40.0,40.0
2012,SB Jakati,9,337,37.44,37.44
2012,SC Ganguly,2,97,48.5,48.5
2012,SK Raina,2,106,53.0,53.0
2012,SK Trivedi,13,387,29.77,29.77
2012,SL Malinga,22,355,16.14,16.14
2012,SP Narine,24,332,13.83,13.83
2012,SR Watson,6,165,27.5,27.5
2012,STR Binny,3,78,26.0,26.0
2012,SW Tait,6,154,25.67,25.67
2012,Shakib Al Hasan,12,203,16.92,16.92
2012,TP Sudhindra,1,137,137.0,137.0
2012,UT Yadav,19,459,24.16,24.16
2012,V Pratap Singh,10,300,30.0,30.0
2012,VR Aaron,8,279,34.88,34.88
2012,VY Mahesh,3,83,27.67,27.67
2012,WD Parnell,5,133,26.6,26.6
2012,YK Pathan,3,184,61.33,61.33
2012,Z Khan,17,468,27.53,27.53
2013,A Ashish Reddy,3,71,23.67,23.67
2013,A Chandila,6,158,26.33,26.33
2013,A Mishra,21,395,18.81,18.81
2013,A Mithun,1,37,37.0,37.0
2013,A Nehra,11,319,29.0,29.0
2013,AA Chavan,1,63,63.0,63.0
2013,AB Dinda,16,466,29.12,29.12
2013,AB McDonald,1,17,17.0,17.0
2013,AC Gilchrist,1,0,0.0,0.0
2013,AD Mathews,5,245,49.0,49.0
2013,AG Murtaza,3,96,32.0,32.0
2013,AJ Finch,1,49,49.0,49.0
2013,AM Nayar,2,59,29.5,29.5
2013,AN Ahmed,3,45,15.0,15.0
2013,AS Rajpoot,1,37,37.0,37.0
2013,Anand Rajan,2,43,21.5,21.5
2013,Azhar Mahmood,15,335,22.33,22.33
2013,B Kumar,13,381,29.31,29.31
2013,B Laughlin,1,72,72.0,72.0
2013,B Lee,4,89,22.25,22.25
2013,BA Bhatt,1,32,32.0,32.0
2013,BAW Mendis,2,78,39.0,39.0
2013,BMAJ Mendis,1,36,36.0,36.0
2013,Bipul Sharma,1,21,21.0,21.0
2013,CH Gayle,3,41,13.67,13.67
2013,CH Morris,15,410,27.33,27.33
2013,CL White,1,16,16.0,16.0
2013,DJ Bravo,32,505,15.78,15.78
2013,DJG Sammy,8,169,21.12,21.12
2013,DP Nannes,4,165,41.25,41.25
2013,DR Smith,2,59,29.5,29.5
2013,DS Kulkarni,8,153,19.12,19.12
2013,DW Steyn,19,410,21.58,21.58
2013,GH Vihari,1,39,39.0,39.0
2013,Harbhajan Singh,24,466,19.42,19.42
2013,Harmeet Singh,6,123,20.5,20.5
2013,I Sharma,15,471,31.4,31.4
2013,IC Pandey,1,50,50.0,50.0
2013,IK Pathan,10,391,39.1,39.1
2013,Iqbal Abdulla,7,142,20.29,20.29
2013,J Botha,5,114,22.8,22.8
2013,J Syed Mohammad,3,92,30.67,30.67
2013,JA Morkel,7,167,23.86,23.86
2013,JD Unadkat,13,373,28.69,28.69
2013,JH Kallis,16,407,25.44,25.44
2013,JJ Bumrah,3,74,24.67,24.67
2013,JO Holder,2,173,86.5,86.5
2013,JP Faulkner,28,436,15.57,15.57
2013,KA Pollard,10,292,29.2,29.2
2013,KK Cooper,19,456,24.0,24.0
2013,KV Sharma,11,235,21.36,21.36
2013,KW Richardson,2,103,51.5,51.5
2013,L Balaji,12,399,33.25,33.25
2013,LJ Wright,2,101,50.5,50.5
2013,LR Shukla,1,22,22.0,22.0
2013,M Kartik,9,290,32.22,32.22
2013,M Morkel,7,341,48.71,48.71
2013,M Muralitharan,3,192,64.0,64.0
2013,MC Henriques,7,187,26.71,26.71
2013,MG Johnson,24,471,19.62,19.62
2013,MM Patel,3,138,46.0,46.0
2013,MM Sharma,20,327,16.35,16.35
2013,MN Samuels,1,34,34.0,34.0
2013,MR Marsh,7,184,26.29,26.29
2013,MS Gony,7,261,37.29,37.29
2013,Mohammed Shami,1,79,79.0,79.0
2013,NLTC Perera,19,490,25.79,25.79
2013,NM Coulter-Nile,1,29,29.0,29.0
2013,P Awana,15,416,27.73,27.73
2013,P Kumar,12,394,32.83,32.83
2013,P Suyal,1,22,22.0,22.0
2013,PP Chawla,11,433,39.36,39.36
2013,PP Ojha,16,391,24.44,24.44
2013,PV Tambe,1,91,91.0,91.0
2013,Parvez Rasool,1,29,29.0,29.0
2013,R Ashwin,15,397,26.47,26.47
2013,R Bhatia,11,334,30.36,30.36
2013,R Dhawan,2,115,57.5,57.5
2013,R McLaren,3,95,31.67,31.67
2013,R Rampaul,15,282,18.8,18.8
2013,R Sharma,9,282,31.33,31.33
2013,R Shukla,3,80,26.67,26.67
2013,R Vinay Kumar,23,522,22.7,22.7
2013,RA Jadeja,13,326,25.08,25.08
2013,RE van der Merwe,3,71,23.67,23.67
2013,RJ Harris,1,74,74.0,74.0
2013,RP Singh,13,336,25.85,25.85
2013,S Kaul,4,172,43.0,43.0
2013,S Ladda,1,18,18.0,18.0
2013,S Nadeem,9,264,29.33,29.33
2013,S Sreesanth,5,171,34.2,34.2
2013,SK Raina,1,23,23.0,23.0
2013,SK Trivedi,12,425,35.42,35.42
2013,SL Malinga,20,484,24.2,24.2
2013,SMSM Senanayake,9,211,23.44,23.44
2013,SP Narine,22,353,16.05,16.05
2013,SR Watson,13,319,24.54,24.54
2013,STR Binny,6,163,27.17,27.17
2013,SW Tait,1,103,103.0,103.0
2013,Sandeep Sharma,8,130,16.25,16.25
2013,TL Suman,1,16,16.0,16.0
2013,UT Yadav,16,533,33.31,33.31
2013,VS Malik,2,59,29.5,29.5
2013,WD Parnell,6,141,23.5,23.5
2013,YK Pathan,1,74,74.0,74.0
2013,Yuvraj Singh,6,152,25.33,25.33
2013,Z Khan,5,47,9.4,9.4
2014,A Mishra,7,342,48.86,48.86
2014,A Nehra,8,143,17.88,17.88
2014,AB Dinda,5,271,54.2,54.2
2014,AD Russell,1,54,54.0,54.0
2014,AN Ahmed,3,120,40.0,40.0
2014,AR Patel,17,424,24.94,24.94
2014,Ankit Sharma,4,44,11.0,11.0
2014,B Kumar,20,362,18.1,18.1
2014,BCJ Cutting,1,31,31.0,31.0
2014,BE Hendricks,4,127,31.75,31.75
2014,BW Hilfenhaus,8,255,31.88,31.88
2014,CJ Anderson,4,188,47.0,47.0
2014,DJ Hussey,2,38,19.0,19.0
2014,DJG Sammy,3,159,53.0,53.0
2014,DR Smith,4,99,24.75,24.75
2014,DS Kulkarni,6,226,37.67,37.67
2014,DW Steyn,11,441,40.09,40.09
2014,GJ Maxwell,1,133,133.0,133.0
2014,HV Patel,4,118,29.5,29.5
2014,Harbhajan Singh,14,365,26.07,26.07
2014,I Sharma,3,101,33.67,33.67
2014,IC Pandey,6,331,55.17,55.17
2014,IK Pathan,4,209,52.25,52.25
2014,Imran Tahir,9,176,19.56,19.56
2014,JA Morkel,4,127,31.75,31.75
2014,JD Unadkat,9,278,30.89,30.89
2014,JDS Neesham,1,96,96.0,96.0
2014,JH Kallis,4,193,48.25,48.25
2014,JJ Bumrah,5,307,61.4,61.4
2014,JO Holder,1,35,35.0,35.0
2014,JP Duminy,3,242,80.67,80.67
2014,JP Faulkner,11,449,40.82,40.82
2014,JW Hastings,1,29,29.0,29.0
2014,K Santokie,3,91,30.33,30.33
2014,KA Pollard,2,265,132.5,132.5
2014,KK Cooper,4,146,36.5,36.5
2014,KV Sharma,15,393,26.2,26.2
2014,KW Richardson,9,209,23.22,23.22
2014,Karanveer Singh,11,164,14.91,14.91
2014,L Balaji,12,305,25.42,25.42
2014,LMP Simmons,1,34,34.0,34.0
2014,LR Shukla,1,88,88.0,88.0
2014,M Kartik,1,91,91.0,91.0
2014,M Morkel,12,376,31.33,31.33
2014,M Muralitharan,3,125,41.67,41.67
2014,M de Lange,2,33,16.5,16.5
2014,MA Starc,14,419,29.93,29.93
2014,MC Henriques,4,96,24.0,24.0
2014,MG Johnson,17,450,26.47,26.47
2014,MM Sharma,23,457,19.87,19.87
2014,Mohammed Shami,7,381,54.43,54.43
2014,NM Coulter-Nile,2,27,13.5,13.5
2014,P Awana,7,248,35.43,35.43
2014,P Kumar,3,81,27.0,27.0
2014,P Suyal,1,35,35.0,35.0
2014,PJ Cummins,1,29,29.0,29.0
2014,PP Chawla,14,304,21.71,21.71
2014,PP Ojha,4,385,96.25,96.25
2014,PV Tambe,15,365,24.33,24.33
2014,Parvez Rasool,1,83,83.0,83.0
2014,R Ashwin,16,446,27.88,27.88
2014,R Bhatia,12,287,23.92,23.92
2014,R Dhawan,13,373,28.69,28.69
2014,R Rampaul,1,37,37.0,37.0
2014,R Sharma,1,65,65.0,65.0
2014,R Shukla,2,105,52.5,52.5
2014,R Tewatia,2,59,29.5,29.5
2014,R Vinay Kumar,7,294,42.0,42.0
2014,RA Jadeja,19,446,23.47,23.47
2014,RG Sharma,1,26,26.0,26.0
2014,RN ten Doeschate,1,35,35.0,35.0
2014,S Badree,2,103,51.5,51.5
2014,S Gopal,6,113,18.83,18.83
2014,S Kaul,2,136,68.0,68.0
2014,S Nadeem,8,314,39.25,39.25
2014,SK Raina,1,135,135.0,135.0
2014,SL Malinga,16,267,16.69,16.69
2014,SP Narine,21,432,20.57,20.57
2014,SR Watson,7,169,24.14,24.14
2014,STR Binny,3,65,21.67,21.67
2014,Sandeep Sharma,18,358,19.89,19.89
2014,Shakib Al Hasan,11,339,30.82,30.82
2014,Shivam Sharma,3,121,40.33,40.33
2014,UT Yadav,11,381,34.64,34.64
2014,VR Aaron,16,309,19.31,19.31
2014,VS Malik,1,29,29.0,29.0
2014,WD Parnell,6,235,39.17,39.17
2014,YS Chahal,12,389,32.42,32.42
2014,Yuvraj Singh,5,191,38.2,38.2
2014,Z Khan,5,156,31.2,31.2
2015,A Ashish Reddy,3,51,17.0,17.0
2015,A Mishra,9,312,34.67,34.67
2015,A Nehra,22,453,20.59,20.59
2015,AD Mathews,7,249,35.57,35.57
2015,AD Russell,14,332,23.71,23.71
2015,AN Ahmed,1,129,129.0,129.0
2015,AR Patel,13,399,30.69,30.69
2015,Ankit Sharma,3,114,38.0,38.0
2015,Anureet Singh,15,477,31.8,31.8
2015,B Kumar,18,419,23.28,23.28
2015,BE Hendricks,5,112,22.4,22.4
2015,Bipul Sharma,3,50,16.67,16.67
2015,CH Morris,14,336,24.0,24.0
2015,CJ Anderson,1,33,33.0,33.0
2015,D Wiese,16,360,22.5,22.5
2015,DJ Bravo,26,442,17.0,17.0
2015,DJ Hooda,1,131,131.0,131.0
2015,DJ Muthuswami,4,108,27.0,27.0
2015,DR Smith,1,17,17.0,17.0
2015,DS Kulkarni,13,290,22.31,22.31
2015,DW Steyn,3,171,57.0,57.0
2015,GB Hogg,9,148,16.44,16.44
2015,GJ Maxwell,2,97,48.5,48.5
2015,GS Sandhu,1,86,86.0,86.0
2015,Gurkeerat Singh,3,66,22.0,22.0
2015,HH Pandya,1,178,178.0,178.0
2015,HV Patel,17,339,19.94,19.94
2015,Harbhajan Singh,18,448,24.89,24.89
2015,I Sharma,1,161,161.0,161.0
2015,IC Pandey,11,228,20.73,20.73
2015,Imran Tahir,15,315,21.0,21.0
2015,Iqbal Abdulla,4,150,37.5,37.5
2015,J Botha,1,82,82.0,82.0
2015,J Suchith,10,338,33.8,33.8
2015,J Theron,1,41,41.0,41.0
2015,J Yadav,2,29,14.5,14.5
2015,JA Morkel,3,113,37.67,37.67
2015,JJ Bumrah,3,184,61.33,61.33
2015,JP Duminy,8,128,16.0,16.0
2015,JP Faulkner,8,433,54.12,54.12
2015,KA Pollard,3,121,40.33,40.33
2015,KC Cariappa,1,28,28.0,28.0
2015,KV Sharma,10,338,33.8,33.8
2015,Karanveer Singh,1,159,159.0,159.0
2015,M Morkel,10,212,21.2,21.2
2015,MA Starc,20,306,15.3,15.3
2015,MC Henriques,11,164,14.91,14.91
2015,MG Johnson,10,346,34.6,34.6
2015,MJ McClenaghan,18,395,21.94,21.94
2015,MM Sharma,14,482,34.43,34.43
2015,NLTC Perera,1,55,55.0,55.0
2015,NM Coulter-Nile,15,331,22.07,22.07
2015,P Kumar,7,338,48.29,48.29
2015,P Negi,6,259,43.17,43.17
2015,PJ Cummins,1,103,103.0,103.0
2015,PP Chawla,11,275,25.0,25.0
2015,PV Tambe,7,267,38.14,38.14
2015,Parvez Rasool,1,31,31.0,31.0
2015,R Ashwin,10,229,22.9,22.9
2015,R Dhawan,1,111,111.0,111.0
2015,R Tewatia,1,31,31.0,31.0
2015,R Vinay Kumar,7,371,53.0,53.0
2015,RA Jadeja,11,334,30.36,30.36
2015,RG More,1,63,63.0,63.0
2015,RS Bopara,6,164,27.33,27.33
2015,S Aravind,8,132,16.5,16.5
2015,S Gopal,1,23,23.0,23.0
2015,SK Raina,2,94,47.0,47.0
2015,SL Malinga,24,453,18.88,18.88
2015,SN Thakur,1,39,39.0,39.0
2015,SP Narine,7,246,35.14,35.14
2015,SR Watson,6,273,45.5,45.5
2015,STR Binny,4,143,35.75,35.75
2015,Sandeep Sharma,13,359,27.62,27.62
2015,Shakib Al Hasan,4,123,30.75,30.75
2015,Shivam Sharma,1,44,44.0,44.0
2015,TA Boult,9,239,26.56,26.56
2015,TG Southee,6,255,42.5,42.5
2015,UT Yadav,10,387,38.7,38.7
2015,VR Aaron,3,180,60.0,60.0
2015,YK Pathan,2,100,50.0,50.0
2015,YS Chahal,23,416,18.09,18.09
2015,Yuvraj Singh,1,75,75.0,75.0
2015,Z Khan,7,159,22.71,22.71
2016,A Ashish Reddy,1,40,40.0,40.0
2016,A Mishra,13,350,26.92,26.92
2016,A Nehra,9,200,22.22,22.22
2016,A Zampa,12,117,9.75,9.75
2016,AB Dinda,11,236,21.45,21.45
2016,AD Russell,15,301,20.07,20.07
2016,AF Milne,1,44,44.0,44.0
2016,AR Patel,13,395,30.38,30.38
2016,AS Rajpoot,3,101,33.67,33.67
2016,Ankit Sharma,1,84,84.0,84.0
2016,B Kumar,23,503,21.87,21.87
2016,BB Sran,14,420,30.0,30.0
2016,BCJ Cutting,5,80,16.0,16.0
2016,Bipul Sharma,3,123,41.0,41.0
2016,CH Gayle,2,65,32.5,32.5
2016,CH Morris,13,320,24.62,24.62
2016,CJ Jordan,11,266,24.18,24.18
2016,CR Brathwaite,7,192,27.43,27.43
2016,DJ Bravo,17,502,29.53,29.53
2016,DJ Hooda,3,97,32.33,32.33
2016,DR Smith,8,154,19.25,19.25
2016,DS Kulkarni,18,365,20.28,20.28
2016,GB Hogg,4,144,36.0,36.0
2016,Gurkeerat Singh,2,31,15.5,15.5
2016,HH Pandya,3,155,51.67,51.67
2016,HV Patel,1,147,147.0,147.0
2016,Harbhajan Singh,9,402,44.67,44.67
2016,I Sharma,3,151,50.33,50.33
2016,Imran Tahir,5,141,28.2,28.2
2016,Iqbal Abdulla,6,216,36.0,36.0
2016,J Yadav,2,125,62.5,62.5
2016,JA Morkel,2,66,33.0,33.0
2016,JJ Bumrah,15,413,27.53,27.53
2016,JO Holder,2,105,52.5,52.5
2016,JP Duminy,2,55,27.5,27.5
2016,JP Faulkner,2,168,84.0,84.0
2016,JW Hastings,2,37,18.5,18.5
2016,KC Cariappa,3,160,53.33,53.33
2016,KH Pandya,6,238,39.67,39.67
2016,KJ Abbott,2,182,91.0,91.0
2016,KW Richardson,7,138,19.71,19.71
2016,Kuldeep Yadav,6,102,17.0,17.0
2016,M Ashwin,7,245,35.0,35.0
2016,M Morkel,10,299,29.9,29.9
2016,MC Henriques,12,418,34.83,34.83
2016,MG Johnson,2,108,54.0,54.0
2016,MJ McClenaghan,17,449,26.41,26.41
2016,MM Sharma,13,410,31.54,31.54
2016,MP Stoinis,8,203,25.38,25.38
2016,MR Marsh,4,45,11.25,11.25
2016,Mohammed Shami,5,252,50.4,50.4
2016,Mustafizur Rahman,17,427,25.12,25.12
2016,NLTC Perera,9,326,36.22,36.22
2016,NM Coulter-Nile,3,120,40.0,40.0
2016,P Kumar,9,408,45.33,45.33
2016,P Negi,1,84,84.0,84.0
2016,P Sahu,3,152,50.67,50.67
2016,PP Chawla,11,273,24.82,24.82
2016,PV Tambe,5,143,28.6,28.6
2016,Parvez Rasool,1,130,130.0,130.0
2016,R Ashwin,10,321,32.1,32.1
2016,R Bhatia,6,249,41.5,41.5
2016,R Dhawan,2,56,28.0,28.0
2016,R Sathish,1,59,59.0,59.0
2016,R Vinay Kumar,3,65,21.67,21.67
2016,RA Jadeja,8,320,40.0,40.0
2016,RP Singh,3,114,38.0,38.0
2016,S Aravind,11,222,20.18,20.18
2016,S Kaushik,6,195,32.5,32.5
2016,S Nadeem,2,127,63.5,63.5
2016,SB Jakati,2,181,90.5,90.5
2016,SM Boland,2,56,28.0,28.0
2016,SP Narine,11,310,28.18,28.18
2016,SR Watson,20,490,24.5,24.5
2016,STR Binny,1,134,134.0,134.0
2016,Sachin Baby,2,8,4.0,4.0
2016,Sandeep Sharma,15,374,24.93,24.93
2016,Shakib Al Hasan,5,247,49.4,49.4
2016,T Shamsi,3,151,50.33,50.33
2016,TA Boult,1,39,39.0,39.0
2016,TG Southee,9,333,37.0,37.0
2016,UT Yadav,10,246,24.6,24.6
2016,VR Aaron,2,229,114.5,114.5
2016,YK Pathan,1,33,33.0,33.0
2016,YS Chahal,21,409,19.48,19.48
2016,Z Khan,10,341,34.1,34.1
2017,A Choudhary,5,144,28.8,28.8
2017,A Mishra,10,345,34.5,34.5
2017,A Nehra,8,198,24.75,24.75
2017,A Zampa,7,164,23.43,23.43
2017,AB Dinda,1,121,121.0,121.0
2017,AF Milne,3,141,47.0,47.0
2017,AJ Tye,12,146,12.17,12.17
2017,AR Patel,15,366,24.4,24.4
2017,AS Rajpoot,4,113,28.25,28.25
2017,Ankit Soni,2,145,72.5,72.5
2017,Avesh Khan,1,24,24.0,24.0
2017,B Kumar,26,384,14.77,14.77
2017,B Stanlake,2,70,35.0,35.0
2017,BA Stokes,12,327,27.25,27.25
2017,BCJ Cutting,1,123,123.0,123.0
2017,Basil Thampi,11,428,38.91,38.91
2017,Bipul Sharma,3,131,43.67,43.67
2017,C de Grandhomme,4,136,34.0,34.0
2017,CH Morris,12,241,20.08,20.08
2017,CJ Anderson,3,187,62.33,62.33
2017,CJ Jordan,1,10,10.0,10.0
2017,CR Brathwaite,1,67,67.0,67.0
2017,CR Woakes,17,393,23.12,23.12
2017,DJ Hooda,2,42,21.0,21.0
2017,DL Chahar,1,75,75.0,75.0
2017,DR Smith,2,151,75.5,75.5
2017,DS Kulkarni,3,173,57.67,57.67
2017,DT Christian,11,303,27.55,27.55
2017,GJ Maxwell,7,126,18.0,18.0
2017,HH Pandya,6,219,36.5,36.5
2017,HV Patel,3,43,14.33,14.33
2017,Harbhajan Singh,8,269,33.62,33.62
2017,Imran Tahir,18,370,20.56,20.56
2017,Iqbal Abdulla,2,55,27.5,27.5
2017,JD Unadkat,24,330,13.75,13.75
2017,JJ Bumrah,20,455,22.75,22.75
2017,JP Faulkner,8,279,34.88,34.88
2017,K Rabada,6,198,33.0,33.0
2017,KC Cariappa,4,127,31.75,31.75
2017,KH Pandya,10,280,28.0,28.0
2017,KV Sharma,13,217,16.69,16.69
2017,Kuldeep Yadav,12,345,28.75,28.75
2017,LH Ferguson,3,96,32.0,32.0
2017,MC Henriques,1,248,248.0,248.0
2017,MG Johnson,7,147,21.0,21.0
2017,MJ Henry,1,71,71.0,71.0
2017,MJ McClenaghan,19,512,26.95,26.95
2017,MM Patel,1,58,58.0,58.0
2017,MM Sharma,13,412,31.69,31.69
2017,MP Stoinis,2,111,55.5,55.5
2017,Mohammad Nabi,2,59,29.5,29.5
2017,Mohammed Shami,5,248,49.6,49.6
2017,Mohammed Siraj,10,214,21.4,21.4
2017,NB Singh,1,18,18.0,18.0
2017,NM Coulter-Nile,15,232,15.47,15.47
2017,P Kumar,6,154,25.67,25.67
2017,P Negi,16,202,12.62,12.62
2017,PJ Cummins,15,393,26.2,26.2
2017,PJ Sangwan,5,183,36.6,36.6
2017,PP Chawla,6,179,29.83,29.83
2017,R Bhatia,2,55,27.5,27.5
2017,R Tewatia,3,51,17.0,17.0
2017,R Vinay Kumar,2,31,15.5,15.5
2017,RA Jadeja,5,352,70.4,70.4
2017,RD Chahar,2,59,29.5,29.5
2017,Rashid Khan,17,368,21.65,21.65
2017,S Aravind,5,278,55.6,55.6
2017,S Badree,9,191,21.22,21.22
2017,S Kaul,16,303,18.94,18.94
2017,S Nadeem,6,119,19.83,19.83
2017,SK Raina,1,102,102.0,102.0
2017,SL Malinga,11,388,35.27,35.27
2017,SN Thakur,11,319,29.0,29.0
2017,SP Narine,10,412,41.2,41.2
2017,SR Watson,5,246,49.2,49.2
2017,SS Agarwal,1,42,42.0,42.0
2017,STR Binny,4,50,12.5,12.5
2017,Sandeep Sharma,17,402,23.65,23.65
2017,Swapnil Singh,1,61,61.0,61.0
2017,T Natarajan,2,116,58.0,58.0
2017,TA Boult,5,222,44.4,44.4
2017,TG Southee,3,97,32.33,32.33
2017,TM Head,2,81,40.5,40.5
2017,TS Mills,5,157,31.4,31.4
2017,UT Yadav,17,432,25.41,25.41
2017,VR Aaron,7,170,24.29,24.29
2017,Washington Sundar,8,189,23.62,23.62
2017,YK Pathan,1,41,41.0,41.0
2017,YS Chahal,14,351,25.07,25.07
2017,Yuvraj Singh,1,23,23.0,23.0
2017,Z Khan,10,323,32.3,32.3
2018,A Mishra,12,265,22.08,22.08
2018,AD Russell,13,360,27.69,27.69
2018,AJ Tye,24,459,19.12,19.12
2018,AR Patel,3,221,73.67,73.67
2018,AS Rajpoot,11,230,20.91,20.91
2018,Anureet Singh,1,42,42.0,42.0
2018,Avesh Khan,4,205,51.25,51.25
2018,B Kumar,9,357,39.67,39.67
2018,B Laughlin,9,212,23.56,23.56
2018,B Stanlake,5,130,26.0,26.0
2018,BA Stokes,8,307,38.38,38.38
2018,BB Sran,4,231,57.75,57.75
2018,BCJ Cutting,2,169,84.5,84.5
2018,Basil Thampi,5,115,23.0,23.0
2018,C de Grandhomme,2,132,66.0,66.0
2018,CH Morris,3,148,49.33,49.33
2018,CJ Anderson,3,117,39.0,39.0
2018,CR Brathwaite,5,96,19.2,19.2
2018,CR Woakes,8,196,24.5,24.5
2018,DJ Bravo,14,538,38.43,38.43
2018,DJ Willey,2,96,48.0,48.0
2018,DJM Short,1,23,23.0,23.0
2018,DL Chahar,10,281,28.1,28.1
2018,DS Kulkarni,4,189,47.25,47.25
2018,DT Christian,4,106,26.5,26.5
2018,GJ Maxwell,5,132,26.4,26.4
2018,HH Pandya,18,391,21.72,21.72
2018,HV Patel,7,169,24.14,24.14
2018,Harbhajan Singh,7,270,38.57,38.57
2018,IS Sodhi,5,137,27.4,27.4
2018,Imran Tahir,6,193,32.17,32.17
2018,JC Archer,15,329,21.93,21.93
2018,JD Unadkat,11,486,44.18,44.18
2018,JJ Bumrah,17,383,22.53,22.53
2018,JPR Scantlebury-Searles,2,89,44.5,44.5
2018,K Gowtham,11,321,29.18,29.18
2018,K Khejroliya,2,110,55.0,55.0
2018,KH Pandya,12,288,24.0,24.0
2018,KM Asif,3,75,25.0,25.0
2018,KV Sharma,4,90,22.5,22.5
2018,Kuldeep Yadav,17,423,24.88,24.88
2018,L Ngidi,11,162,14.73,14.73
2018,LE Plunkett,4,228,57.0,57.0
2018,M Ashwin,3,54,18.0,18.0
2018,M Markande,15,376,25.07,25.07
2018,M Prasidh Krishna,10,261,26.1,26.1
2018,MG Johnson,2,218,109.0,109.0
2018,MJ McClenaghan,14,340,24.29,24.29
2018,MM Ali,3,98,32.67,32.67
2018,MM Sharma,7,328,46.86,46.86
2018,MP Stoinis,3,121,40.33,40.33
2018,Mohammad Nabi,1,47,47.0,47.0
2018,Mohammed Shami,3,144,48.0,48.0
2018,Mohammed Siraj,11,372,33.82,33.82
2018,Mujeeb Ur Rahman,14,292,20.86,20.86
2018,Mustafizur Rahman,7,232,33.14,33.14
2018,N Rana,4,44,11.0,11.0
2018,P Negi,1,49,49.0,49.0
2018,PP Chawla,14,419,29.93,29.93
2018,R Ashwin,10,411,41.1,41.1
2018,R Tewatia,6,174,29.0,29.0
2018,R Vinay Kumar,2,65,32.5,32.5
2018,RA Jadeja,11,310,28.18,28.18
2018,Rashid Khan,21,466,22.19,22.19
2018,S Gopal,11,239,21.73,21.73
2018,S Kaul,21,558,26.57,26.57
2018,S Lamichhane,5,86,17.2,17.2
2018,S Nadeem,3,162,54.0,54.0
2018,SN Thakur,16,433,27.06,27.06
2018,SP Narine,17,473,27.82,27.82
2018,SR Watson,6,252,42.0,42.0
2018,Sandeep Sharma,12,334,27.83,27.83
2018,Shakib Al Hasan,14,458,32.71,32.71
2018,Shivam Mavi,5,273,54.6,54.6
2018,TA Boult,18,476,26.44,26.44
2018,TG Southee,5,263,52.6,52.6
2018,TK Curran,6,118,19.67,19.67
2018,UT Yadav,20,424,21.2,21.2
2018,V Shankar,1,58,58.0,58.0
2018,Washington Sundar,4,194,48.5,48.5
2018,YK Pathan,1,14,14.0,14.0
2018,YS Chahal,12,374,31.17,31.17
2019,A Mishra,11,271,24.64,24.64
2019,AD Russell,11,288,26.18,26.18
2019,AJ Tye,3,233,77.67,77.67
2019,AR Patel,10,368,36.8,36.8
2019,AS Joseph,6,89,14.83,14.83
2019,AS Rajpoot,3,157,52.33,52.33
2019,AS Roy,1,11,11.0,11.0
2019,Abhishek Sharma,1,21,21.0,21.0
2019,Arshdeep Singh,3,117,39.0,39.0
2019,B Kumar,13,466,35.85,35.85
2019,BA Stokes,6,200,33.33,33.33
2019,BCJ Cutting,1,27,27.0,27.0
2019,CH Morris,13,314,24.15,24.15
2019,CV Varun,1,35,35.0,35.0
2019,DJ Bravo,11,336,30.55,30.55
2019,DJ Hooda,1,21,21.0,21.0
2019,DL Chahar,22,486,22.09,22.09
2019,DS Kulkarni,6,336,56.0,56.0
2019,DW Steyn,4,74,18.5,18.5
2019,GC Viljoen,7,229,32.71,32.71
2019,HF Gurney,7,239,34.14,34.14
2019,HH Pandya,14,397,28.36,28.36
2019,HV Patel,2,77,38.5,38.5
2019,Harbhajan Singh,16,315,19.69,19.69
2019,I Sharma,13,364,28.0,28.0
2019,IS Sodhi,4,67,16.75,16.75
2019,Imran Tahir,26,440,16.92,16.92
2019,J Suchith,2,28,14.0,14.0
2019,J Yadav,1,50,50.0,50.0
2019,JC Archer,11,306,27.82,27.82
2019,JD Unadkat,10,404,40.4,40.4
2019,JJ Bumrah,20,433,21.65,21.65
2019,JP Behrendorff,5,168,33.6,33.6
2019,K Gowtham,1,171,171.0,171.0
2019,K Khejroliya,1,47,47.0,47.0
2019,K Rabada,26,382,14.69,14.69
2019,KH Pandya,12,337,28.08,28.08
2019,KK Ahmed,19,292,15.37,15.37
2019,KMA Paul,9,239,26.56,26.56
2019,KV Sharma,1,33,33.0,33.0
2019,Kuldeep Yadav,4,286,71.5,71.5
2019,LH Ferguson,2,185,92.5,92.5
2019,M Ashwin,5,257,51.4,51.4
2019,M Markande,1,59,59.0,59.0
2019,M Prasidh Krishna,5,394,78.8,78.8
2019,MJ McClenaghan,3,143,47.67,47.67
2019,MJ Santner,4,94,23.5,23.5
2019,MM Ali,6,169,28.17,28.17
2019,MM Sharma,1,27,27.0,27.0
2019,MP Stoinis,2,147,73.5,73.5
2019,Mohammad Nabi,8,201,25.12,25.12
2019,Mohammed Shami,19,477,25.11,25.11
2019,Mohammed Siraj,7,271,38.71,38.71
2019,Mujeeb Ur Rahman,3,193,64.33,64.33
2019,N Rana,3,73,24.33,24.33
2019,Navdeep Saini,11,410,37.27,37.27
2019,O Thomas,5,85,17.0,17.0
2019,P Negi,3,103,34.33,34.33
2019,PP Chawla,10,405,40.5,40.5
2019,R Ashwin,15,400,26.67,26.67
2019,R Parag,2,121,60.5,60.5
2019,R Tewatia,2,42,21.0,21.0
2019,RA Jadeja,15,347,23.13,23.13
2019,RD Chahar,13,310,23.85,23.85
2019,Rashid Khan,17,396,23.29,23.29
2019,S Gopal,20,350,17.5,17.5
2019,S Kaul,6,243,40.5,40.5
2019,S Lamichhane,8,211,26.38,26.38
2019,S Nadeem,2,91,45.5,45.5
2019,S Sandeep Warrier,2,86,43.0,43.0
2019,SC Kuggeleijn,2,71,35.5,35.5
2019,SE Rutherford,1,60,60.0,60.0
2019,SL Malinga,16,452,28.25,28.25
2019,SM Curran,10,325,32.5,32.5
2019,SN Thakur,8,285,35.62,35.62
2019,SP Narine,10,353,35.3,35.3
2019,STR Binny,1,44,44.0,44.0
2019,Sandeep Sharma,12,355,29.58,29.58
2019,Shakib Al Hasan,2,95,47.5,47.5
2019,TA Boult,5,163,32.6,32.6
2019,TG Southee,1,123,123.0,123.0
2019,UT Yadav,8,375,46.88,46.88
2019,V Shankar,1,70,70.0,70.0
2019,VR Aaron,4,128,32.0,32.0
2019,Washington Sundar,4,75,18.75,18.75
2019,Y Prithvi Raj,1,57,57.0,57.0
2019,YS Chahal,18,394,21.89,21.89
2020/21,A Mishra,3,72,24.0,24.0
2020/21,A Nortje,22,529,24.05,24.05
2020/21,A Zampa,2,92,46.0,46.0
2020/21,AD Russell,6,178,29.67,29.67
2020/21,AJ Tye,1,54,54.0,54.0
2020/21,AR Patel,9,329,36.56,36.56
2020/21,AS Rajpoot,2,206,103.0,103.0
2020/21,Abdul Samad,1,96,96.0,96.0
2020/21,Abhishek Sharma,2,92,46.0,46.0
2020/21,Arshdeep Singh,9,219,24.33,24.33
2020/21,B Kumar,3,100,33.33,33.33
2020/21,BA Stokes,2,159,79.5,79.5
2020/21,Basil Thampi,1,46,46.0,46.0
2020/21,CH Morris,11,212,19.27,19.27
2020/21,CJ Jordan,9,320,35.56,35.56
2020/21,CV Varun,17,357,21.0,21.0
2020/21,DJ Bravo,6,180,30.0,30.0
2020/21,DL Chahar,12,402,33.5,33.5
2020/21,DW Steyn,1,134,134.0,134.0
2020/21,GJ Maxwell,3,171,57.0,57.0
2020/21,HV Patel,3,135,45.0,45.0
2020/21,I Udana,8,286,35.75,35.75
2020/21,Imran Tahir,1,78,78.0,78.0
2020/21,J Yadav,1,43,43.0,43.0
2020/21,JC Archer,20,373,18.65,18.65
2020/21,JD Unadkat,4,229,57.25,57.25
2020/21,JDS Neesham,2,149,74.5,74.5
2020/21,JJ Bumrah,29,436,15.03,15.03
2020/21,JL Pattinson,11,321,29.18,29.18
2020/21,JO Holder,14,239,17.07,17.07
2020/21,JR Hazlewood,1,72,72.0,72.0
2020/21,K Gowtham,1,84,84.0,84.0
2020/21,K Rabada,32,565,17.66,17.66
2020/21,KA Pollard,4,190,47.5,47.5
2020/21,KH Pandya,6,387,64.5,64.5
2020/21,KK Ahmed,8,245,30.62,30.62
2020/21,KL Nagarkoti,5,233,46.6,46.6
2020/21,KV Sharma,5,165,33.0,33.0
2020/21,Kartik Tyagi,9,372,41.33,41.33
2020/21,Kuldeep Yadav,1,95,95.0,95.0
2020/21,L Ngidi,9,169,18.78,18.78
2020/21,LH Ferguson,8,153,19.12,19.12
2020/21,M Ashwin,10,240,24.0,24.0
2020/21,M Prasidh Krishna,4,165,41.25,41.25
2020/21,MJ Santner,2,53,26.5,26.5
2020/21,MM Ali,1,42,42.0,42.0
2020/21,MM Sharma,1,45,45.0,45.0
2020/21,MP Stoinis,13,287,22.08,22.08
2020/21,Mohammed Shami,20,482,24.1,24.1
2020/21,Mohammed Siraj,11,244,22.18,22.18
2020/21,NM Coulter-Nile,5,206,41.2,41.2
2020/21,Navdeep Saini,7,392,56.0,56.0
2020/21,PJ Cummins,12,424,35.33,35.33
2020/21,PP Chawla,6,191,31.83,31.83
2020/21,R Ashwin,13,393,30.23,30.23
2020/21,R Tewatia,10,327,32.7,32.7
2020/21,RA Jadeja,6,318,53.0,53.0
2020/21,RD Chahar,15,439,29.27,29.27
2020/21,Rashid Khan,20,355,17.75,17.75
2020/21,Ravi Bishnoi,12,381,31.75,31.75
2020/21,S Dube,4,75,18.75,18.75
2020/21,S Gopal,10,429,42.9,42.9
2020/21,S Kaul,2,64,32.0,32.0
2020/21,S Nadeem,5,179,35.8,35.8
2020/21,SM Curran,13,348,26.77,26.77
2020/21,SN Thakur,10,279,27.9,27.9
2020/21,SP Narine,5,308,61.6,61.6
2020/21,SS Cottrell,6,177,29.5,29.5
2020/21,Sandeep Sharma,14,374,26.71,26.71
2020/21,Shahbaz Ahmed,2,45,22.5,22.5
2020/21,Shivam Mavi,9,214,23.78,23.78
2020/21,T Natarajan,16,520,32.5,32.5
2020/21,TA Boult,25,473,18.92,18.92
2020/21,TK Curran,3,210,70.0,70.0
2020/21,TU Deshpande,3,193,64.33,64.33
2020/21,V Shankar,4,82,20.5,20.5
2020/21,Washington Sundar,8,300,37.5,37.5
2020/21,YS Chahal,21,414,19.71,19.71
2021,A Mishra,6,109,18.17,18.17
2021,A Nortje,12,198,16.5,16.5
2021,AD Russell,11,189,17.18,17.18
2021,AF Milne,3,135,45.0,45.0
2021,AR Patel,15,315,21.0,21.0
2021,Abdul Samad,1,9,9.0,9.0
2021,Abhishek Sharma,4,66,16.5,16.5
2021,Arshdeep Singh,18,348,19.33,19.33
2021,Avesh Khan,24,466,19.42,19.42
2021,B Kumar,6,337,56.17,56.17
2021,C Sakariya,14,434,31.0,31.0
2021,CH Morris,15,396,26.4,26.4
2021,CJ Jordan,4,103,25.75,25.75
2021,CR Woakes,5,85,17.0,17.0
2021,CV Varun,18,456,25.33,25.33
2021,DJ Bravo,14,264,18.86,18.86
2021,DJ Hooda,2,136,68.0,68.0
2021,DL Chahar,14,453,32.36,32.36
2021,DR Sams,1,39,39.0,39.0
2021,DT Christian,4,156,39.0,39.0
2021,FA Allen,1,90,90.0,90.0
2021,GD Phillips,1,20,20.0,20.0
2021,GHS Garton,3,136,45.33,45.33
2021,GJ Maxwell,3,135,45.0,45.0
2021,HV Patel,32,461,14.41,14.41
2021,Harpreet Brar,5,142,28.4,28.4
2021,I Sharma,1,98,98.0,98.0
2021,IC Porel,1,42,42.0,42.0
2021,Imran Tahir,2,16,8.0,8.0
2021,J Yadav,2,131,65.5,65.5
2021,JA Richardson,3,122,40.67,40.67
2021,JD Unadkat,4,168,42.0,42.0
2021,JDS Neesham,5,68,13.6,13.6
2021,JJ Bumrah,21,422,20.1,20.1
2021,JO Holder,16,248,15.5,15.5
2021,JR Hazlewood,11,302,27.45,27.45
2021,K Rabada,15,464,30.93,30.93
2021,KA Jamieson,9,271,30.11,30.11
2021,KA Pollard,5,95,19.0,19.0
2021,KH Pandya,5,267,53.4,53.4
2021,KK Ahmed,5,225,45.0,45.0
2021,KM Asif,1,18,18.0,18.0
2021,KW Richardson,1,29,29.0,29.0
2021,Kartik Tyagi,4,125,31.25,31.25
2021,L Ngidi,5,129,25.8,25.8
2021,LH Ferguson,13,226,17.38,17.38
2021,LI Meriwala,1,32,32.0,32.0
2021,Lalit Yadav,4,101,25.25,25.25
2021,M Ashwin,1,100,100.0,100.0
2021,M Jansen,2,47,23.5,23.5
2021,M Prasidh Krishna,12,357,29.75,29.75
2021,MC Henriques,4,47,11.75,11.75
2021,MK Lomror,1,47,47.0,47.0
2021,MM Ali,6,163,27.17,27.17
2021,MP Stoinis,2,124,62.0,62.0
2021,Mohammad Nabi,2,86,43.0,43.0
2021,Mohammed Shami,19,400,21.05,21.05
2021,Mohammed Siraj,11,366,33.27,33.27
2021,Mujeeb Ur Rahman,2,30,15.0,15.0
2021,Mustafizur Rahman,14,448,32.0,32.0
2021,NM Coulter-Nile,7,131,18.71,18.71
2021,NT Ellis,1,91,91.0,91.0
2021,PJ Cummins,9,237,26.33,26.33
2021,PP Chawla,1,38,38.0,38.0
2021,R Ashwin,7,334,47.71,47.71
2021,R Parag,1,73,73.0,73.0
2021,R Tewatia,8,342,42.75,42.75
2021,RA Jadeja,13,347,26.69,26.69
2021,RD Chahar,13,324,24.92,24.92
2021,RP Meredith,4,171,42.75,42.75
2021,Rashid Khan,18,398,22.11,22.11
2021,Ravi Bishnoi,12,240,20.0,20.0
2021,S Kaul,7,253,36.14,36.14
2021,S Nadeem,1,36,36.0,36.0
2021,SM Curran,9,332,36.89,36.89
2021,SN Thakur,21,531,25.29,25.29
2021,SP Narine,16,369,23.06,23.06
2021,Sandeep Sharma,3,204,68.0,68.0
2021,Shahbaz Ahmed,7,92,13.14,13.14
2021,Shakib Al Hasan,4,188,47.0,47.0
2021,Shivam Mavi,11,242,22.0,22.0
2021,T Natarajan,2,70,35.0,35.0
2021,TA Boult,13,409,31.46,31.46
2021,TG Southee,3,95,31.67,31.67
2021,TK Curran,4,104,26.0,26.0
2021,Umran Malik,2,96,48.0,48.0
2021,V Shankar,3,100,33.33,33.33
2021,VR Iyer,3,71,23.67,23.67
2021,Washington Sundar,3,119,39.67,39.67
2021,YS Chahal,18,381,21.17,21.17
2022,A Badoni,2,12,6.0,6.0
2022,A Nortje,9,219,24.33,24.33
2022,AD Russell,17,282,16.59,16.59
2022,AJ Tye,2,113,56.5,56.5
2022,AK Markram,1,64,64.0,64.0
2022,AR Patel,6,323,53.83,53.83
2022,AS Joseph,7,269,38.43,38.43
2022,AS Roy,1,55,55.0,55.0
2022,Akash Deep,5,206,41.2,41.2
2022,Arshdeep Singh,10,402,40.2,40.2
2022,Avesh Khan,19,423,22.26,22.26
2022,B Kumar,12,394,32.83,32.83
2022,Basil Thampi,5,158,31.6,31.6
2022,C Sakariya,3,87,29.0,29.0
2022,CJ Jordan,2,136,68.0,68.0
2022,CV Varun,6,338,56.33,56.33
2022,D Brevis,1,8,8.0,8.0
2022,D Pretorius,6,213,35.5,35.5
2022,DG Nalkande,2,59,29.5,29.5
2022,DJ Bravo,16,303,18.94,18.94
2022,DJ Hooda,1,43,43.0,43.0
2022,DJ Willey,1,75,75.0,75.0
2022,DR Sams,13,375,28.85,28.85
2022,FA Allen,1,46,46.0,46.0
2022,Fazalhaq Farooqi,2,110,55.0,55.0
2022,GJ Maxwell,6,166,27.67,27.67
2022,HH Pandya,8,226,28.25,28.25
2022,HR Shokeen,2,130,65.0,65.0
2022,HV Patel,19,421,22.16,22.16
2022,Harpreet Brar,4,148,37.0,37.0
2022,Harshit Rana,1,52,52.0,52.0
2022,J Suchith,7,141,20.14,20.14
2022,JD Unadkat,6,191,31.83,31.83
2022,JJ Bumrah,15,392,26.13,26.13
2022,JO Holder,14,399,28.5,28.5
2022,JR Hazlewood,20,380,19.0,19.0
2022,K Gowtham,5,101,20.2,20.2
2022,K Kartikeya,5,103,20.6,20.6
2022,K Rabada,23,414,18.0,18.0
2022,KA Pollard,4,130,32.5,32.5
2022,KH Pandya,10,269,26.9,26.9
2022,KK Ahmed,16,315,19.69,19.69
2022,KR Sen,8,240,30.0,30.0
2022,Kartik Tyagi,1,79,79.0,79.0
2022,Kuldeep Yadav,21,420,20.0,20.0
2022,LH Ferguson,12,433,36.08,36.08
2022,LS Livingstone,6,202,33.67,33.67
2022,Lalit Yadav,4,152,38.0,38.0
2022,M Ashwin,9,233,25.89,25.89
2022,M Jansen,7,278,39.71,39.71
2022,M Markande,1,61,61.0,61.0
2022,M Pathirana,2,56,28.0,28.0
2022,M Prasidh Krishna,19,564,29.68,29.68
2022,M Theekshana,12,267,22.25,22.25
2022,MJ Santner,4,135,33.75,33.75
2022,MM Ali,8,159,19.88,19.88
2022,MP Stoinis,4,79,19.75,19.75
2022,MR Marsh,4,102,25.5,25.5
2022,Mohammed Shami,20,491,24.55,24.55
2022,Mohammed Siraj,9,525,58.33,58.33
2022,Mohsin Khan,14,202,14.43,14.43
2022,Mukesh Choudhary,16,425,26.56,26.56
2022,Mustafizur Rahman,8,248,31.0,31.0
2022,NT Ellis,3,57,19.0,19.0
2022,Navdeep Saini,3,73,24.33,24.33
2022,OC McCoy,11,242,22.0,22.0
2022,OF Smith,6,179,29.83,29.83
2022,PH Solanki,2,39,19.5,19.5
2022,PJ Cummins,7,219,31.29,31.29
2022,PJ Sangwan,3,66,22.0,22.0
2022,PVD Chameera,9,393,43.67,43.67
2022,PWH de Silva,26,439,16.88,16.88
2022,R Ashwin,12,506,42.17,42.17
2022,R Dhawan,6,164,27.33,27.33
2022,R Parag,1,59,59.0,59.0
2022,R Sai Kishore,6,122,20.33,20.33
2022,R Shepherd,3,98,32.67,32.67
2022,RA Jadeja,5,252,50.4,50.4
2022,RD Chahar,14,365,26.07,26.07
2022,RP Meredith,8,241,30.12,30.12
2022,Ramandeep Singh,6,55,9.17,9.17
2022,Rashid Khan,19,428,22.53,22.53
2022,Ravi Bishnoi,13,462,35.54,35.54
2022,S Gopal,1,34,34.0,34.0
2022,SA Abbott,1,47,47.0,47.0
2022,SN Thakur,15,485,32.33,32.33
2022,SP Narine,9,319,35.44,35.44
2022,Sandeep Sharma,2,156,78.0,78.0
2022,Shahbaz Ahmed,4,341,85.25,85.25
2022,Shivam Mavi,5,229,45.8,45.8
2022,Simarjeet Singh,4,143,35.75,35.75
2022,T Natarajan,18,410,22.78,22.78
2022,TA Boult,16,501,31.31,31.31
2022,TG Southee,14,284,20.29,20.29
2022,TS Mills,6,192,32.0,32.0
2022,TU Deshpande,1,67,67.0,67.0
2022,UT Yadav,16,354,22.12,22.12
2022,Umran Malik,22,455,20.68,20.68
2022,VG Arora,3,165,55.0,55.0
2022,VR Aaron,2,53,26.5,26.5
2022,Washington Sundar,6,239,39.83,39.83
2022,YS Chahal,27,536,19.85,19.85
2022,Yash Dayal,11,296,26.91,26.91
2023,A Mishra,7,151,21.57,21.57
2023,A Nortje,10,370,37.0,37.0
2023,A Zampa,8,189,23.62,23.62
2023,AD Russell,7,173,24.71,24.71
2023,AJ Hosein,1,41,41.0,41.0
2023,AK Markram,1,71,71.0,71.0
2023,AR Patel,11,344,31.27,31.27
2023,AS Joseph,7,226,32.29,32.29
2023,AS Roy,3,65,21.67,21.67
2023,AU Rashid,2,56,28.0,28.0
2023,Abhishek Sharma,2,127,63.5,63.5
2023,Akash Deep,1,63,63.0,63.0
2023,Akash Madhwal,15,222,14.8,14.8
2023,Akash Singh,5,188,37.6,37.6
2023,Arjun Tendulkar,3,95,31.67,31.67
2023,Arshad Khan,5,192,38.4,38.4
2023,Arshdeep Singh,17,497,29.24,29.24
2023,Avesh Khan,8,287,35.88,35.88
2023,B Kumar,16,432,27.0,27.0
2023,C Green,6,370,61.67,61.67
2023,C Sakariya,3,89,29.67,29.67
2023,CJ Jordan,3,241,80.33,80.33
2023,CV Varun,20,445,22.25,22.25
2023,D Jansen,1,53,53.0,53.0
2023,DG Nalkande,1,45,45.0,45.0
2023,DJ Willey,3,106,35.33,35.33
2023,DL Chahar,13,302,23.23,23.23
2023,Fazalhaq Farooqi,4,119,29.75,29.75
2023,GD Phillips,1,20,20.0,20.0
2023,GJ Maxwell,3,95,31.67,31.67
2023,HH Pandya,3,241,80.33,80.33
2023,HR Shokeen,3,190,63.33,63.33
2023,HV Patel,14,468,33.43,33.43
2023,Harpreet Brar,9,219,24.33,24.33
2023,Harshit Rana,5,153,30.6,30.6
2023,I Sharma,10,210,21.0,21.0
2023,J Little,7,296,42.29,42.29
2023,JC Archer,2,202,101.0,101.0
2023,JO Holder,4,290,72.5,72.5
2023,JP Behrendorff,14,395,28.21,28.21
2023,JR Hazlewood,3,76,25.33,25.33
2023,K Gowtham,3,118,39.33,39.33
2023,K Kartikeya,5,231,46.2,46.2
2023,K Khejroliya,2,64,32.0,32.0
2023,K Rabada,7,243,34.71,34.71
2023,K Yadav,2,68,34.0,34.0
2023,KH Pandya,9,320,35.56,35.56
2023,KK Ahmed,9,309,34.33,34.33
2023,KM Asif,3,139,46.33,46.33
2023,KV Sharma,10,229,22.9,22.9
2023,Kartik Tyagi,1,92,92.0,92.0
2023,Kuldeep Yadav,10,366,36.6,36.6
2023,LH Ferguson,1,98,98.0,98.0
2023,LS Livingstone,2,94,47.0,47.0
2023,Lalit Yadav,2,120,60.0,60.0
2023,M Jansen,10,273,27.3,27.3
2023,M Markande,12,300,25.0,25.0
2023,M Pathirana,19,386,20.32,20.32
2023,M Theekshana,11,401,36.45,36.45
2023,MA Wood,11,142,12.91,12.91
2023,MG Bracewell,6,95,15.83,15.83
2023,MJ Santner,3,82,27.33,27.33
2023,MM Ali,9,198,22.0,22.0
2023,MM Sharma,27,362,13.41,13.41
2023,MP Stoinis,5,101,20.2,20.2
2023,MR Marsh,12,172,14.33,14.33
2023,Mayank Dagar,1,83,83.0,83.0
2023,Mohammed Shami,28,532,19.0,19.0
2023,Mohammed Siraj,19,395,20.79,20.79
2023,Mohsin Khan,3,111,37.0,37.0
2023,Mukesh Kumar,8,328,41.0,41.0
2023,Mustafizur Rahman,1,79,79.0,79.0
2023,N Rana,3,75,25.0,25.0
2023,NT Ellis,13,342,26.31,26.31
2023,Navdeep Saini,3,40,13.33,13.33
2023,Naveen-ul-Haq,11,227,20.64,20.64
2023,Noor Ahmad,16,375,23.44,23.44
2023,P Dubey,1,19,19.0,19.0
2023,PP Chawla,22,499,22.68,22.68
2023,PWH de Silva,9,259,28.78,28.78
2023,R Ashwin,14,370,26.43,26.43
2023,R Dhawan,1,64,64.0,64.0
2023,R Powell,1,18,18.0,18.0
2023,RA Jadeja,20,432,21.6,21.6
2023,RD Chahar,8,388,48.5,48.5
2023,RJW Topley,1,14,14.0,14.0
2023,RP Meredith,7,209,29.86,29.86
2023,RS Hangargekar,3,60,20.0,20.0
2023,Rashid Khan,27,557,20.63,20.63
2023,Ravi Bishnoi,16,394,24.62,24.62
2023,SM Curran,10,497,49.7,49.7
2023,SN Thakur,7,222,31.71,31.71
2023,SP Narine,11,389,35.36,35.36
2023,SSB Magala,1,52,52.0,52.0
2023,Sandeep Sharma,10,398,39.8,39.8
2023,Shahbaz Ahmed,1,95,95.0,95.0
2023,Sikandar Raza,3,124,41.33,41.33
2023,Suyash Sharma,10,330,33.0,33.0
2023,T Natarajan,10,416,41.6,41.6
2023,T Stubbs,1,14,14.0,14.0
2023,TA Boult,13,316,24.31,24.31
2023,TG Southee,2,79,39.5,39.5
2023,TU Deshpande,21,580,27.62,27.62
2023,UT Yadav,1,190,190.0,190.0
2023,Umran Malik,5,219,43.8,43.8
2023,VG Arora,5,149,29.8,29.8
2023,Vijaykumar Vyshak,9,253,28.11,28.11
2023,WD Parnell,9,237,26.33,26.33
2023,Washington Sundar,3,146,48.67,48.67
2023,YS Chahal,21,434,20.67,20.67
2023,Yash Dayal,2,165,82.5,82.5
2023,Yash Thakur,13,297,22.85,22.85
2023,Yudhvir Singh,3,73,24.33,24.33
2024,A Kamboj,2,115,57.5,57.5
2024,A Mishra,1,20,20.0,20.0
2024,A Nortje,7,298,42.57,42.57
2024,AD Russell,19,304,16.0,16.0
2024,AR Patel,11,340,30.91,30.91
2024,AS Joseph,1,123,123.0,123.0
2024,Abhishek Sharma,2,51,25.5,25.5
2024,Akash Deep,1,55,55.0,55.0
2024,Akash Madhwal,5,209,41.8,41.8
2024,Arshad Khan,1,90,90.0,90.0
2024,Arshdeep Singh,19,514,27.05,27.05
2024,Avesh Khan,19,533,28.05,28.05
2024,Azmatullah Omarzai,4,194,48.5,48.5
2024,B Kumar,11,555,50.45,50.45
2024,C Green,10,305,30.5,30.5
2024,CV Varun,21,411,19.57,19.57
2024,DG Nalkande,3,46,15.33,15.33
2024,DJ Mitchell,1,70,70.0,70.0
2024,DL Chahar,5,202,40.4,40.4
2024,G Coetzee,13,357,27.46,27.46
2024,GJ Maxwell,6,129,21.5,21.5
2024,HH Pandya,11,389,35.36,35.36
2024,HV Patel,24,485,20.21,20.21
2024,Harpreet Brar,7,309,44.14,44.14
2024,Harshit Rana,19,385,20.26,20.26
2024,I Sharma,10,266,26.6,26.6
2024,J Little,4,45,11.25,11.25
2024,JD Unadkat,8,321,40.12,40.12
2024,JJ Bumrah,20,341,17.05,17.05
2024,K Rabada,11,386,35.09,35.09
2024,KA Maharaj,2,39,19.5,19.5
2024,KH Pandya,6,258,43.0,43.0
2024,KK Ahmed,17,493,29.0,29.0
2024,KR Sen,6,127,21.17,21.17
2024,KT Maphaka,1,90,90.0,90.0
2024,KV Sharma,7,256,36.57,36.57
2024,Kuldeep Yadav,16,376,23.5,23.5
2024,L Wood,1,94,94.0,94.0
2024,LB Williams,1,74,74.0,74.0
2024,LH Ferguson,9,260,28.89,28.89
2024,LS Livingstone,3,86,28.67,28.67
2024,M Jansen,1,134,134.0,134.0
2024,M Markande,8,259,32.38,32.38
2024,M Pathirana,13,175,13.46,13.46
2024,M Siddharth,1,72,72.0,72.0
2024,M Theekshana,2,146,73.0,73.0
2024,MA Starc,17,450,26.47,26.47
2024,MJ Henry,1,112,112.0,112.0
2024,MJ Santner,2,64,32.0,32.0
2024,MM Ali,2,71,35.5,35.5
2024,MM Sharma,13,428,32.92,32.92
2024,MP Stoinis,4,127,31.75,31.75
2024,MP Yadav,7,88,12.57,12.57
2024,MR Marsh,1,103,103.0,103.0
2024,Mayank Dagar,1,122,122.0,122.0
2024,Mohammad Nabi,2,110,55.0,55.0
2024,Mohammed Siraj,15,507,33.8,33.8
2024,Mohsin Khan,10,385,38.5,38.5
2024,Mukesh Kumar,17,379,22.29,22.29
2024,Mustafizur Rahman,14,324,23.14,23.14
2024,N Burger,7,152,21.71,21.71
2024,N Thushara,8,259,32.38,32.38
2024,NT Ellis,1,24,24.0,24.0
2024,Naveen-ul-Haq,14,375,26.79,26.79
2024,Nithish Kumar Reddy,3,154,51.33,51.33
2024,Noor Ahmad,8,297,37.12,37.12
2024,PJ Cummins,18,571,31.72,31.72
2024,PP Chawla,13,312,24.0,24.0
2024,R Ashwin,9,469,52.11,52.11
2024,R Sai Kishore,7,137,19.57,19.57
2024,R Shepherd,1,162,162.0,162.0
2024,RA Jadeja,8,371,46.38,46.38
2024,RD Chahar,10,280,28.0,28.0
2024,RJ Gleeson,1,72,72.0,72.0
2024,RJW Topley,4,168,42.0,42.0
2024,Rashid Khan,10,372,37.2,37.2
2024,Rasikh Salam,9,271,30.11,30.11
2024,Ravi Bishnoi,10,384,38.4,38.4
2024,S Dube,1,14,14.0,14.0
2024,S Gopal,3,67,22.33,22.33
2024,S Sandeep Warrier,6,122,20.33,20.33
2024,SH Johnson,4,155,38.75,38.75
2024,SM Curran,16,422,26.38,26.38
2024,SN Thakur,5,315,63.0,63.0
2024,SP Narine,17,376,22.12,22.12
2024,Sandeep Sharma,13,314,24.15,24.15
2024,Shahbaz Ahmed,7,277,39.57,39.57
2024,Shashank Singh,1,5,5.0,5.0
2024,Simarjeet Singh,5,122,24.4,24.4
2024,Swapnil Singh,6,133,22.17,22.17
2024,T Natarajan,19,469,24.68,24.68
2024,T Stubbs,3,15,5.0,5.0
2024,TA Boult,16,448,28.0,28.0
2024,TU Deshpande,17,435,25.59,25.59
2024,UT Yadav,8,211,26.38,26.38
2024,V Kaverappa,2,36,18.0,18.0
2024,V Viyaskanth,1,90,90.0,90.0
2024,VG Arora,11,284,25.82,25.82
2024,Vijaykumar Vyshak,4,143,35.75,35.75
2024,WG Jacks,2,100,50.0,50.0
2024,Washington Sundar,1,73,73.0,73.0
2024,YS Chahal,18,548,30.44,30.44
2024,Yash Dayal,15,472,31.47,31.47
2024,Yash Thakur,11,405,36.82,36.82
2024,Yudhvir Singh,1,52,52.0,52.0
